南部,北部,中部,東部,離島
,,0.0,,
,,0.0,,
,,0.0,,
,,0.0,,
,,0.0,,
,,0.0,,
,,0.0,,
,,0.0,,
,,0.0,,
,,0.0,,
,,0.0,,
,,0.0,,
,,0.0,,
,,0.0,,
,,0.030372405372405372,,
,,0.03968253968253968,,
,,0.022741147741147744,,
,,0.03296703296703297,,
,,0.024572649572649576,,
,,0.020451770451770452,,
,,0.011446886446886446,,
,,0.0,,
,,0.0,,
,,0.0,,
,,0.0,,
,,0.0,,
,,0.0,,
,,0.0,,
,,0.0,,
,,0.0,,
,,0.0,,
,,0.0,,
,,0.0,,
,,0.0,,
,,0.0,,
,,0.0,,
,,0.0,,
,,0.027625152625152624,,
,,0.0318986568986569,,
,,0.0376984126984127,,
,,0.058455433455433456,,
,,0.057692307692307696,,
,,0.031746031746031744,,
,,0.03495115995115995,,
,,0.0,,
,,0.0,,
,,0.0,,
,,0.0,,
,,0.0,,
,,0.0,,
,,0.0,,
,,0.0,,
,,0.0,,
,,0.0,,
,,0.0,,
,,0.0,,
,,0.0,,
,,0.0,,
,,0.0,,
,,0.0,,
,,0.0,,
,,0.019993894993894996,,
,,0.07524420024420024,,
,,0.11034798534798534,,
,,0.12683150183150182,,
,,0.08333333333333333,,
,,0.04410866910866911,,
,,0.0006105006105006105,,
,,0.0,,
,,0.0,,
,,0.0,,
,,0.0,,
,,0.0,,
,,0.0,,
,,0.0,,
,,0.0,,
,,0.0,,
,,0.0,,
,,0.0,,
,,0.0,,
,,0.0,,
,,0.0,,
,,0.0,,
,,0.0,,
,,0.0,,
,,0.0,,
,,0.038003663003663,,
,,0.04487179487179487,,
,,0.05555555555555556,,
,,0.09188034188034189,,
,,0.04990842490842491,,
,,0.07387057387057387,,
,,0.08592796092796093,,
,,0.10256410256410256,,
,,0.028846153846153848,,
,,0.014346764346764348,,
,,0.028235653235653236,,
,,0.0,,
,,0.0,,
,,0.0,,
,,0.0,,
,,0.0,,
,,0.010073260073260074,,
,,0.0,,
,,0.001984126984126984,,
,,0.10607448107448109,,
,,0.19749694749694752,,
,,0.356990231990232,,
,,0.4696275946275946,,
,,0.21657509157509158,,
,,0.05815018315018315,,
,,0.006105006105006105,,
,,0.10760073260073261,,
,,0.3221916971916972,,
,,0.3743894993894994,,
,,0.47512210012210015,,
,,0.4734432234432234,,
,,0.5396825396825397,,
,,0.543040293040293,,
,,0.4735958485958486,,
,,0.4207875457875458,,
,,0.19276556776556777,,
,,0.07524420024420024,,
,,0.04304029304029304,,
,,0.16742979242979242,,
,,0.20604395604395603,,
,,0.16254578754578755,,
,,0.17261904761904762,,
,,0.09233821733821734,,
,,0.038461538461538464,,
,,0.054181929181929184,,
,,0.10378510378510379,,
,,0.13415750915750915,,
,,0.2866300366300366,,
,,0.34294871794871795,,
,,0.3956043956043956,,
,,0.4545177045177045,,
,,0.4320818070818071,,
,,0.4755799755799756,,
,,0.503052503052503,,
,,0.46718559218559214,,
,,0.371031746031746,,
,,0.3560744810744811,,
,,0.17750305250305248,,
,,0.18345543345543344,,
,,0.1949023199023199,,
,,0.09325396825396826,,
,,0.10317460317460317,,
,,0.05555555555555556,,
,,0.0,,
,,0.0,,
,,0.0,,
,,0.038003663003663,,
,,0.05952380952380952,,
,,0.09920634920634921,,
,,0.2670940170940171,,
,,0.4265873015873016,,
,,0.5315934065934066,,
,,0.6265262515262515,,
,,0.6410256410256411,,
,,0.6181318681318682,,
,,0.6410256410256411,,
,,0.6475885225885226,,
,,0.6167582417582418,,
,,0.5645604395604396,,
,,0.6485042735042735,,
,,0.6622405372405373,,
,,0.5952380952380952,,
,,0.6181318681318682,,
,,0.641941391941392,,
,,0.641941391941392,,
,,0.599969474969475,,
,,0.38934676434676435,,
,,0.42414529914529914,,
,,0.6187423687423688,,
,,0.6787240537240538,,
,,0.5895909645909646,,
,,0.556013431013431,,
,,0.5772283272283273,,
,,0.5483821733821734,,
,,0.5903540903540904,,
,,0.6082112332112333,,
,,0.6205738705738706,,
,,0.5711233211233211,,
,,0.5337301587301587,,
,,0.5581501831501832,,
,,0.4795482295482295,,
,,0.4062881562881563,,
,,0.4265873015873016,,
,,0.4778693528693529,,
,,0.44184981684981683,,
,,0.49099511599511597,,
,,0.5173992673992674,,
,,0.3685897435897436,,
,,0.3495115995115995,,
,,0.38095238095238093,,
,,0.3731684981684982,,
,,0.34325396825396826,,
,,0.3577533577533577,,
,,0.3911782661782662,,
,,0.44749694749694746,,
,,0.49648962148962145,,
,,0.49145299145299143,,
,,0.5086996336996337,,
,,0.4731379731379731,,
,,0.5782967032967034,,
,,0.5648656898656899,,
,,0.6282051282051282,,
,,0.6549145299145299,,
,,0.6248473748473748,,
,,0.6021062271062271,,
,,0.6338522588522589,,
,,0.601037851037851,,
,,0.5782967032967034,,
,,0.6582722832722833,,
,,0.6181318681318682,,
,,0.5257936507936508,,
,,0.47206959706959706,,
,,0.43543956043956045,,
,,0.41346153846153844,,
,,0.4201770451770452,,
,,0.37240537240537236,,
,,0.40308302808302804,,
,,0.3952991452991453,,
,,0.3434065934065934,,
,,0.21077533577533578,,
,,0.16376678876678877,,
,,0.09340659340659341,,
,,0.08608058608058608,,
,,0.08516483516483517,,
,,0.04700854700854701,,
,,0.038461538461538464,,
,,0.03891941391941392,,
,,0.04075091575091575,,
,,0.04120879120879121,,
,,0.04075091575091575,,
,,0.04120879120879121,,
,,0.04120879120879121,,
,,0.04120879120879121,,
,,0.04120879120879121,,
,,0.04716117216117216,,
,,0.17307692307692307,,
,,0.2367216117216117,,
,,0.23076923076923078,,
,,0.22985347985347984,,
,,0.22893772893772893,,
,,0.22924297924297923,,
,,0.22939560439560439,,
,,0.23000610500610502,,
,,0.22939560439560439,,
,,0.23015873015873015,,
,,0.27472527472527475,,
,,0.306013431013431,,
,,0.3232600732600733,,
,,0.3232600732600733,,
,,0.3232600732600733,,
,,0.3232600732600733,,
,,0.3232600732600733,,
,,0.35393772893772896,,
,,0.5612026862026862,,
,,0.5369352869352869,,
,,0.6358363858363858,,
,,0.5903540903540904,,
,,0.5970695970695971,,
,,0.635989010989011,,
,,0.5576923076923077,,
,,0.5518925518925518,,
,,0.5665445665445665,,
,,0.5036630036630036,,
,,0.5497557997557998,,
,,0.5589133089133089,,
,,0.536019536019536,,
,,0.5732600732600732,,
,,0.47298534798534797,,
,,0.576007326007326,,
,,0.5512820512820513,,
,,0.509920634920635,,
,,0.5001526251526252,,
,,0.48504273504273504,,
,,0.3360805860805861,,
,,0.3131868131868132,,
,,0.28205128205128205,,
,,0.2664835164835165,,
,,0.2664835164835165,,
,,0.32905982905982906,,
,,0.39987789987789985,,
,,0.4084249084249084,,
,,0.5083943833943834,,
,,0.5331196581196581,,
,,0.5465506715506716,,
,,0.5375457875457875,,
,,0.509004884004884,,
,,0.5082417582417582,,
,,0.5573870573870574,,
,,0.5401404151404151,,
,,0.5022893772893773,,
,,0.5503663003663004,,
,,0.5073260073260073,,
,,0.4906898656898657,,
,,0.6192002442002442,,
,,0.5644078144078144,,
,,0.4803113553113553,,
,,0.45879120879120877,,
,,0.5128205128205128,,
,,0.5512820512820513,,
,,0.5732600732600732,,
,,0.5796703296703297,,
,,0.5413614163614163,,
,,0.5189255189255189,,
,,0.5973748473748474,,
,,0.5888278388278388,,
,,0.5486874236874236,,
,,0.5317460317460317,,
,,0.5488400488400489,,
,,0.5857753357753358,,
,,0.592948717948718,,
,,0.6103479853479854,,
,,0.6393467643467644,,
,,0.5905067155067155,,
,,0.6185897435897436,,
,,0.6079059829059829,,
,,0.5482295482295482,,
,,0.6106532356532356,,
,,0.5485347985347986,,
,,0.4716117216117216,,
,,0.6257631257631258,,
,,0.5952380952380952,,
,,0.5718864468864469,,
,,0.5567765567765568,,
,,0.586996336996337,,
,,0.5485347985347986,,
,,0.5862332112332113,,
,,0.5647130647130647,,
,,0.5485347985347986,,
,,0.6043956043956044,,
,,0.594017094017094,,
,,0.5877594627594628,,
,,0.5715811965811965,,
,,0.6333943833943835,,
,,0.5886752136752137,,
,,0.6204212454212454,,
,,0.5590659340659341,,
,,0.5605921855921856,,
,,0.5434981684981685,,
,,0.5641025641025641,,
,,0.5346459096459096,,
,,0.588980463980464,,
,,0.5422771672771672,,
,,0.5207570207570207,,
,,0.5813492063492064,,
,,0.583028083028083,,
,,0.42735042735042733,,
,,0.4249084249084249,,
,,0.32387057387057383,,
,,0.10012210012210013,,
,,0.08516483516483517,,
,,0.00030525030525030525,,
,,0.0,,
,,0.0,,
,,0.0,,
,,0.0,,
,,0.0007631257631257631,,
,,0.0007631257631257631,,
,,0.04075091575091575,,
,,0.07173382173382173,,
,,0.19413919413919414,,
,,0.23870573870573872,,
,,0.22344322344322345,,
,,0.23946886446886448,,
,,0.5354090354090354,,
,,0.49313186813186816,,
,,0.5496031746031745,,
,,0.5953907203907204,,
,,0.6176739926739927,,
,,0.5654761904761905,,
,,0.4945054945054945,,
,,0.30235042735042733,,
,,0.25610500610500614,,
,,0.18620268620268618,,
,,0.17902930402930403,,
,,0.17902930402930403,,
,,0.23626373626373626,,
,,0.42414529914529914,,
,,0.5235042735042735,,
,,0.6268315018315018,,
,,0.6040903540903542,,
,,0.6002747252747253,,
,,0.5436507936507936,,
,,0.47435897435897434,,
,,0.4597069597069597,,
,,0.19536019536019536,,
,,0.0,,
,,0.0,,
,,0.0,,
,,0.0,,
,,0.0,,
,,0.0,,
,,0.0,,
,,0.0,,
,,0.0,,
,,0.0,,
,,0.0,,
,,0.0,,
,,0.0,,
,,0.0,,
,,0.0,,
,,0.0,,
,,0.0,,
,,0.0,,
,,0.0,,
,,0.0,,
,,0.0,,
,,0.0,,
,,0.0,,
,,0.0,,
,,0.0,,
,,0.0,,
,,0.0,,
,,0.0,,
,,0.0,,
,,0.0,,
,,0.0,,
,,0.0,,
,,0.0,,
,,0.0,,
,,0.0,,
,,0.0,,
,,0.0,,
,,0.0,,
,,0.0,,
,,0.0,,
,,0.0,,
,,0.0,,
,,0.0,,
,,0.0,,
,,0.0,,
,,0.010073260073260074,,
,,0.11401098901098901,,
,,0.2586996336996337,,
,,0.2730463980463981,,
,,0.2957875457875458,,
,,0.31532356532356537,,
,,0.4441391941391941,,
,,0.47512210012210015,,
,,0.4896214896214896,,
,,0.48916361416361415,,
,,0.5044261294261294,,
,,0.4597069597069597,,
,,0.4502442002442002,,
,,0.42063492063492064,,
,,0.4287240537240537,,
,,0.4358974358974359,,
,,0.45146520146520147,,
,,0.4826007326007326,,
,,0.5206043956043956,,
,,0.5396825396825397,,
,,0.452991452991453,,
,,0.35088522588522586,,
,,0.3771367521367522,,
,,0.35729548229548225,,
,,0.29746642246642246,,
,,0.2765567765567766,,
,,0.23809523809523808,,
,,0.2718253968253968,,
,,0.3102869352869353,,
,,0.34691697191697196,,
,,0.3963675213675214,,
,,0.42002442002442,,
,,0.5294566544566545,,
,,0.5434981684981685,,
,,0.518009768009768,,
,,0.48336385836385837,,
,,0.5654761904761905,,
,,0.5126678876678877,,
,,0.5202991452991452,,
,,0.6243894993894994,,
,,0.5641025641025641,,
,,0.5485347985347986,,
,,0.5790598290598291,,
,,0.5318986568986569,,
,,0.43772893772893773,,
,,0.3298229548229548,,
,,0.24740537240537241,,
,,0.2132173382173382,,
,,0.19413919413919414,,
,,0.15003052503052502,,
,,0.1935286935286935,,
,,0.1949023199023199,,
,,0.06654456654456654,,
,,0.0,,
,,0.0,,
,,0.0,,
,,0.0,,
,,0.0,,
,,0.0,,
,,0.0,,
,,0.0,,
,,0.0,,
,,0.3994200244200244,,
,,0.5457875457875457,,
,,0.5813492063492064,,
,,0.5299145299145299,,
,,0.487942612942613,,
,,0.47909035409035405,,
,,0.4152930402930403,,
,,0.27136752136752135,,
,,0.25625763125763124,,
,,0.2793040293040293,,
,,0.20757020757020758,,
,,0.22725885225885226,,
,,0.25305250305250304,,
,,0.2615995115995116,,
,,0.22084859584859587,,
,,0.1684981684981685,,
,,0.2725885225885226,,
,,0.2963980463980464,,
,,0.2632783882783883,,
,,0.30723443223443225,,
,,0.2748778998778999,,
,,0.3229548229548229,,
,,0.38186813186813184,,
,,0.3362332112332112,,
,,0.3551587301587302,,
,,0.38461538461538464,,
,,0.43238705738705735,,
,,0.44581807081807084,,
,,0.42994505494505497,,
,,0.5195360195360196,,
,,0.5483821733821734,,
,,0.5444139194139194,,
,,0.5874542124542125,,
,,0.5805860805860806,,
,,0.5222832722832723,,
,,0.5589133089133089,,
,,0.536019536019536,,
,,0.528998778998779,,
,,0.5512820512820513,,
,,0.588980463980464,,
,,0.5485347985347986,,
,,0.5418192918192918,,
,,0.5627289377289377,,
,,0.5378510378510378,,
,,0.5465506715506716,,
,,0.5096153846153846,,
,,0.5054945054945055,,
,,0.5363247863247863,,
,,0.5576923076923077,,
,,0.5355616605616605,,
,,0.5256410256410257,,
,,0.48717948717948717,,
,,0.45604395604395603,,
,,0.45787545787545786,,
,,0.45695970695970695,,
,,0.45695970695970695,,
,,0.4444444444444445,,
,,0.5567765567765568,,
,,0.5064102564102564,,
,,0.5254884004884005,,
,,0.3942307692307692,,
,,0.362942612942613,,
,,0.31684981684981683,,
,,0.3159340659340659,,
,,0.3345543345543346,,
,,0.3566849816849817,,
,,0.3626373626373626,,
,,0.3617216117216117,,
,,0.2951770451770452,,
,,0.23397435897435898,,
,,0.22496947496947498,,
,,0.22527472527472528,,
,,0.23351648351648352,,
,,0.26465201465201466,,
,,0.23397435897435898,,
,,0.34706959706959706,,
,,0.5677655677655677,,
,,0.5512820512820513,,
,,0.5436507936507936,,
,,0.5123626373626373,,
,,0.5741758241758241,,
,,0.5741758241758241,,
,,0.5589133089133089,,
,,0.5665445665445665,,
,,0.512057387057387,,
,,0.5422771672771672,,
,,0.5144993894993896,,
,,0.5506715506715507,,
,,0.4574175824175824,,
,,0.47206959706959706,,
,,0.5164835164835165,,
,,0.5277777777777778,,
,,0.5141941391941391,,
,,0.5570818070818071,,
,,0.5584554334554335,,
,,0.4888583638583639,,
,,0.5517399267399268,,
,,0.5265567765567766,,
,,0.5470085470085471,,
,,0.5080891330891331,,
,,0.4194139194139194,,
,,0.3516483516483517,,
,,0.35485347985347987,,
,,0.26373626373626374,,
,,0.12484737484737485,,
,,0.17475579975579975,,
,,0.14224664224664224,,
,,0.0840964590964591,,
,,0.0,,
,,0.0,,
,,0.0,,
,,0.0,,
,,0.0,,
,,0.0,,
,,0.0322039072039072,,
,,0.15262515262515264,,
,,0.3173076923076923,,
,,0.3456959706959707,,
,,0.3402014652014652,,
,,0.3270757020757021,,
,,0.31456043956043955,,
,,0.3321123321123321,,
,,0.28632478632478636,,
,,0.1706349206349206,,
,,0.09172771672771672,,
,,0.0115995115995116,,
,,0.0,,
,,0.0,,
,,0.0,,
,,0.0,,
,,0.0,,
,,0.0,,
,,0.0,,
,,0.0,,
,,0.0,,
,,0.0231990231990232,,
,,0.02365689865689866,,
,,0.08974358974358974,,
,,0.1891025641025641,,
,,0.3418803418803419,,
,,0.49572649572649574,,
,,0.4816849816849817,,
,,0.5001526251526252,,
,,0.5743284493284493,,
,,0.5512820512820513,,
,,0.5659340659340659,,
,,0.5659340659340659,,
,,0.5512820512820513,,
,,0.5818070818070818,,
,,0.5589133089133089,,
,,0.5647130647130647,,
,,0.5187728937728938,,
,,0.4305555555555555,,
,,0.3304334554334555,,
,,0.222985347985348,,
,,0.19581807081807082,,
,,0.2670940170940171,,
,,0.3402014652014652,,
,,0.4096459096459097,,
,,0.47893772893772896,,
,,0.6323260073260073,,
,,0.6315628815628817,,
,,0.6382783882783882,,
,,0.661019536019536,,
,,0.6074481074481074,,
,,0.5851648351648352,,
,,0.6088217338217338,,
,,0.6095848595848596,,
,,0.5952380952380952,,
,,0.6410256410256411,,
,,0.5934065934065934,,
,,0.5712759462759462,,
,,0.5937118437118437,,
,,0.542887667887668,,
,,0.5231990231990232,,
,,0.5622710622710623,,
,,0.5566239316239316,,
,,0.5485347985347986,,
,,0.5473137973137973,,
,,0.5798229548229548,,
,,0.5641025641025641,,
,,0.5648656898656899,,
,,0.5558608058608059,,
,,0.5328144078144078,,
,,0.5027472527472527,,
,,0.5027472527472527,,
,,0.4249084249084249,,
,,0.47268009768009767,,
,,0.3882783882783883,,
,,0.5207570207570207,,
,,0.44017094017094016,,
,,0.340964590964591,,
,,0.33104395604395603,,
,,0.41315628815628813,,
,,0.5274725274725275,,
,,0.5041208791208791,,
,,0.4665750915750916,,
,,0.45879120879120877,,
,,0.45604395604395603,,
,,0.44887057387057383,,
,,0.41117216117216115,,
,,0.41117216117216115,,
,,0.4725274725274725,,
,,0.536019536019536,,
,,0.5054945054945055,,
,,0.5045787545787546,,
,,0.5041208791208791,,
,,0.5044261294261294,,
,,0.5057997557997558,,
,,0.5044261294261294,,
,,0.4977106227106227,,
,,0.38888888888888884,,
,,0.20390720390720393,,
,,0.11034798534798534,,
,,0.1336996336996337,,
,,0.1336996336996337,,
,,0.11813186813186813,,
,,0.11034798534798534,,
,,0.09478021978021978,,
,,0.08699633699633699,,
,,0.08699633699633699,,
,,0.08699633699633699,,
,,0.08699633699633699,,
,,0.10317460317460317,,
,,0.13553113553113552,,
,,0.13553113553113552,,
,,0.13553113553113552,,
,,0.09737484737484738,,
,,0.05738705738705739,,
,,0.04075091575091575,,
,,0.039377289377289376,,
,,0.039377289377289376,,
,,0.039377289377289376,,
,,0.03891941391941392,,
,,0.038461538461538464,,
,,0.039377289377289376,,
,,0.039377289377289376,,
,,0.038461538461538464,,
,,0.03632478632478632,,
,,0.0,,
,,0.0,,
,,0.0,,
,,0.0,,
,,0.0,,
,,0.0,,
,,0.0,,
,,0.0,,
,,0.0,,
,,0.0,,
,,0.0,,
,,0.0,,
,,0.0,,
,,0.0,,
,,0.0,,
,,0.0,,
,,0.0,,
,,0.0,,
,,0.0,,
,,0.0,,
,,0.0,,
,,0.0,,
,,0.0,,
,,0.0,,
,,0.0,,
,,0.008394383394383394,,
,,0.022741147741147744,,
,,0.0,,
,,0.0,,
,,0.0,,
,,0.0,,
,,0.0,,
,,0.0,,
,,0.0,,
,,0.0,,
,,0.0,,
,,0.0,,
,,0.02808302808302808,,
,,0.5860805860805861,,
,,0.655982905982906,,
,,0.6019536019536019,,
,,0.6277472527472527,,
,,0.5718864468864469,,
,,0.6018009768009769,,
,,0.6176739926739927,,
,,0.6176739926739927,,
,,0.5485347985347986,,
,,0.5563186813186813,,
,,0.6101953601953601,,
,,0.5970695970695971,,
,,0.5808913308913309,,
,,0.6303418803418803,,
,,0.5344932844932845,,
,,0.4737484737484738,,
,,0.40476190476190477,,
,,0.4010989010989011,,
,,0.3252442002442002,,
,,0.2954822954822955,,
,,0.23092185592185593,,
,,0.2026862026862027,,
,,0.1794871794871795,,
,,0.17094017094017094,,
,,0.2748778998778999,,
,,0.288003663003663,,
,,0.3137973137973138,,
,,0.36065323565323565,,
,,0.434981684981685,,
,,0.42735042735042733,,
,,0.43467643467643463,,
,,0.47588522588522586,,
,,0.43635531135531136,,
,,0.49221611721611724,,
,,0.5491452991452991,,
,,0.4945054945054945,,
,,0.4278083028083028,,
,,0.48840048840048844,,
,,0.44017094017094016,,
,,0.4194139194139194,,
,,0.43467643467643463,,
,,0.43666056166056166,,
,,0.44017094017094016,,
,,0.4887057387057387,,
,,0.548992673992674,,
,,0.5126678876678877,,
,,0.48336385836385837,,
,,0.5323565323565324,,
,,0.5717338217338217,,
,,0.5491452991452991,,
,,0.5283882783882784,,
,,0.5228937728937729,,
,,0.5741758241758241,,
,,0.5541819291819292,,
,,0.5485347985347986,,
,,0.5494505494505495,,
,,0.5970695970695971,,
,,0.6048534798534798,,
,,0.5436507936507936,,
,,0.5054945054945055,,
,,0.5665445665445665,,
,,0.5512820512820513,,
,,0.5207570207570207,,
,,0.5590659340659341,,
,,0.5589133089133089,,
,,0.552960927960928,,
,,0.5589133089133089,,
,,0.5741758241758241,,
,,0.5512820512820513,,
,,0.5444139194139194,,
,,0.5207570207570207,,
,,0.5207570207570207,,
,,0.5338827838827839,,
,,0.5665445665445665,,
,,0.5512820512820513,,
,,0.5740231990231991,,
,,0.5283882783882784,,
,,0.5054945054945055,,
,,0.5741758241758241,,
,,0.5192307692307693,,
,,0.532051282051282,,
,,0.5665445665445665,,
,,0.5189255189255189,,
,,0.5207570207570207,,
,,0.5741758241758241,,
,,0.5512820512820513,,
,,0.5512820512820513,,
,,0.5512820512820513,,
,,0.5512820512820513,,
,,0.5512820512820513,,
,,0.5648656898656899,,
,,0.5711233211233211,,
,,0.5512820512820513,,
,,0.5662393162393162,,
,,0.567002442002442,,
,,0.5160256410256411,,
,,0.5077838827838828,,
,,0.5607448107448108,,
,,0.5036630036630036,,
,,0.5318986568986569,,
,,0.5595238095238095,,
,,0.5431929181929182,,
,,0.557997557997558,,
,,0.5738705738705738,,
,,0.5512820512820513,,
,,0.5512820512820513,,
,,0.5444139194139194,,
,,0.509004884004884,,
,,0.5357142857142857,,
,,0.5163308913308914,,
,,0.49954212454212454,,
,,0.5346459096459096,,
,,0.5665445665445665,,
,,0.5427350427350427,,
,,0.5048840048840049,,
,,0.4838217338217338,,
,,0.5244200244200244,,
,,0.4479548229548229,,
,,0.3331807081807082,,
,,0.36904761904761907,,
,,0.42063492063492064,,
,,0.5282356532356532,,
,,0.5465506715506716,,
,,0.5392246642246642,,
,,0.5641025641025641,,
,,0.5512820512820513,,
,,0.5802808302808302,,
,,0.548992673992674,,
,,0.5427350427350427,,
,,0.5766178266178266,,
,,0.5323565323565324,,
,,0.5213675213675214,,
,,0.42063492063492064,,
,,0.3753052503052503,,
,,0.3055555555555555,,
,,0.1401098901098901,,
,,0.21565934065934067,,
,,0.24343711843711843,,
,,0.1298840048840049,,
,,0.004273504273504274,,
,,0.0,,
,,0.0,,
,,0.024267399267399268,,
,,0.09905372405372405,,
,,0.28113553113553114,,
,,0.3737789987789988,,
,,0.4713064713064713,,
,,0.4961843711843712,,
,,0.4517704517704518,,
,,0.43925518925518925,,
,,0.42002442002442,,
,,0.36416361416361415,,
,,0.5047313797313797,,
,,0.5775335775335775,,
,,0.565018315018315,,
,,0.5221306471306472,,
,,0.5679181929181929,,
,,0.5486874236874236,,
,,0.4969474969474969,,
,,0.5085470085470085,,
,,0.4728327228327229,,
,,0.49862637362637363,,
,,0.46413308913308915,,
,,0.41727716727716724,,
,,0.30647130647130644,,
,,0.240995115995116,,
,,0.2733516483516483,,
,,0.2727411477411477,,
,,0.1965811965811966,,
,,0.0173992673992674,,
,,0.0,,
,,0.023504273504273504,,
,,0.11782661782661782,,
,,0.2316849816849817,,
,,0.26022588522588525,,
,,0.2651098901098901,,
,,0.37225274725274726,,
,,0.39438339438339437,,
,,0.35332722832722835,,
,,0.27014652014652013,,
,,0.13843101343101344,,
,,0.1134004884004884,,
,,0.054945054945054944,,
,,0.0,,
,,0.0,,
,,0.0,,
,,0.013278388278388278,,
,,0.0,,
,,0.0,,
,,0.0,,
,,0.0,,
,,0.0,,
,,0.0,,
,,0.0,,
,,0.0,,
,,0.0027472527472527475,,
,,0.04990842490842491,,
,,0.11675824175824176,,
,,0.18986568986568986,,
,,0.31868131868131866,,
,,0.35241147741147744,,
,,0.5080891330891331,,
,,0.507020757020757,,
,,0.5009157509157509,,
,,0.4107142857142857,,
,,0.33684371184371187,,
,,0.20344932844932845,,
,,0.059065934065934064,,
,,0.03128815628815629,,
,,0.010378510378510378,,
,,0.0,,
,,0.0,,
,,0.0,,
,,0.0,,
,,0.0,,
,,0.0,,
,,0.0,,
,,0.0,,
,,0.0,,
,,0.0,,
,,0.0,,
,,0.001221001221001221,,
,,0.062423687423687424,,
,,0.1246947496947497,,
,,0.2068070818070818,,
,,0.32463369963369965,,
,,0.47115384615384615,,
,,0.521978021978022,,
,,0.4926739926739927,,
,,0.4012515262515262,,
,,0.19826007326007325,,
,,0.11492673992673992,,
,,0.042582417582417584,,
,,0.0,,
,,0.005036630036630037,,
,,0.0,,
,,0.0,,
,,0.0,,
,,0.0,,
,,0.0,,
,,0.0,,
,,0.0,,
,,0.0,,
,,0.007631257631257632,,
,,0.043650793650793655,,
,,0.07219169719169719,,
,,0.1188949938949939,,
,,0.11752136752136752,,
,,0.1401098901098901,,
,,0.16452991452991453,,
,,0.14224664224664224,,
,,0.11248473748473749,,
,,0.07387057387057387,,
,,0.03449328449328449,,
,,0.0,,
,,0.0,,
,,0.0,,
,,0.0,,
,,0.0,,
,,0.0,,
,,0.0,,
,,0.0,,
,,0.004731379731379731,,
,,0.07905982905982907,,
,,0.10042735042735042,,
,,0.09172771672771672,,
,,0.09523809523809523,,
,,0.09081196581196581,,
,,0.15720390720390723,,
,,0.16407203907203907,,
,,0.4188034188034188,,
,,0.5729548229548229,,
,,0.6448412698412699,,
,,0.7318376068376069,,
,,0.7161172161172161,,
,,0.714133089133089,,
,,0.6868131868131868,,
,,0.6636141636141637,,
,,0.6723137973137974,,
,,0.6546092796092796,,
,,0.6393467643467644,,
,,0.6465201465201466,,
,,0.6451465201465202,,
,,0.5840964590964591,,
,,0.5935592185592186,,
,,0.6260683760683761,,
,,0.5590659340659341,,
,,0.4052197802197802,,
,,0.30967643467643463,,
,,0.5375457875457875,,
,,0.6742979242979242,,
,,0.7075702075702076,,
,,0.6785714285714286,,
,,0.6327838827838828,,
,,0.6678876678876678,,
,,0.6550671550671551,,
,,0.6091269841269842,,
,,0.5926434676434676,,
,,0.565018315018315,,
,,0.5958485958485958,,
,,0.6207264957264956,,
,,0.5880647130647131,,
,,0.5317460317460317,,
,,0.445970695970696,,
,,0.2976190476190476,,
,,0.33257020757020755,,
,,0.30631868131868134,,
,,0.2264957264957265,,
,,0.1362942612942613,,
,,0.10561660561660562,,
,,0.1401098901098901,,
,,0.0982905982905983,,
,,0.09096459096459097,,
,,0.0,,
,,0.005189255189255189,,
,,0.07066544566544566,,
,,0.029151404151404152,,
,,0.21047008547008547,,
,,0.5045787545787546,,
,,0.5825702075702075,,
,,0.6286630036630036,,
,,0.6396520146520146,,
,,0.5782967032967034,,
,,0.5451770451770452,,
,,0.5164835164835165,,
,,0.5376984126984127,,
,,0.5184676434676434,,
,,0.5143467643467643,,
,,0.5715811965811965,,
,,0.6013431013431014,,
,,0.641941391941392,,
,,0.617063492063492,,
,,0.5985958485958486,,
,,0.5798229548229548,,
,,0.5697496947496947,,
,,0.5177045177045178,,
,,0.503052503052503,,
,,0.43543956043956045,,
,,0.39346764346764346,,
,,0.4409340659340659,,
,,0.42124542124542125,,
,,0.49557387057387053,,
,,0.518009768009768,,
,,0.5538766788766789,,
,,0.5538766788766789,,
,,0.49007936507936506,,
,,0.36904761904761907,,
,,0.21245421245421245,,
,,0.07341269841269842,,
,,0.04395604395604396,,
,,0.0007631257631257631,,
,,0.0,,
,,0.0,,
,,0.0,,
,,0.0,,
,,0.0,,
,,0.0982905982905983,,
,,0.09188034188034189,,
,,0.05616605616605616,,
,,0.044413919413919416,,
,,0.06349206349206349,,
,,0.13598901098901098,,
,,0.1105006105006105,,
,,0.050061050061050064,,
,,0.05433455433455433,,
,,0.046550671550671545,,
,,0.06486568986568986,,
,,0.038003663003663,,
,,0.053418803418803416,,
,,0.0782967032967033,,
,,0.07310744810744811,,
,,0.13324175824175824,,
,,0.17918192918192918,,
,,0.18727106227106227,,
,,0.15125152625152627,,
,,0.16452991452991453,,
,,0.14804639804639805,,
,,0.24740537240537241,,
,,0.3598901098901099,,
,,0.30418192918192916,,
,,0.2768620268620269,,
,,0.2538156288156288,,
,,0.22573260073260074,,
,,0.2625152625152625,,
,,0.21703296703296704,,
,,0.18208180708180707,,
,,0.3392857142857143,,
,,0.4810744810744811,,
,,0.5059523809523809,,
,,0.6013431013431014,,
,,0.6182844932844933,,
,,0.6517094017094017,,
,,0.6268315018315018,,
,,0.6541514041514042,,
,,0.6013431013431014,,
,,0.6034798534798534,,
,,0.5761599511599511,,
,,0.520909645909646,,
,,0.5230463980463981,,
,,0.5496031746031745,,
,,0.41514041514041516,,
,,0.28327228327228327,,
,,0.45222832722832723,,
,,0.5581501831501832,,
,,0.47435897435897434,,
,,0.27945665445665446,,
,,0.16117216117216118,,
,,0.13293650793650794,,
,,0.1018009768009768,,
,,0.15811965811965814,,
,,0.30509768009768007,,
,,0.3687423687423687,,
,,0.25106837606837606,,
,,0.29181929181929184,,
,,0.43543956043956045,,
,,0.5346459096459096,,
,,0.481990231990232,,
,,0.557997557997558,,
,,0.576007326007326,,
,,0.5312881562881563,,
,,0.5158730158730159,,
,,0.4287240537240537,,
,,0.3431013431013431,,
,,0.2670940170940171,,
,,0.17567155067155066,,
,,0.21932234432234432,,
,,0.42155067155067155,,
,,0.5071733821733821,,
,,0.46184371184371187,,
,,0.48824786324786323,,
,,0.43559218559218554,,
,,0.4807692307692308,,
,,0.5137362637362637,,
,,0.4858058608058608,,
,,0.4784798534798535,,
,,0.5686813186813187,,
,,0.6106532356532356,,
,,0.5691391941391941,,
,,0.5892857142857143,,
,,0.565018315018315,,
,,0.532051282051282,,
,,0.5184676434676434,,
,,0.42597680097680096,,
,,0.5538766788766789,,
,,0.5961538461538461,,
,,0.5172466422466423,,
,,0.30021367521367526,,
,,0.20344932844932845,,
,,0.17902930402930403,,
,,0.11843711843711845,,
,,0.050824175824175824,,
,,0.0,,
,,0.0,,
,,0.0,,
,,0.0,,
,,0.0,,
,,0.0,,
,,0.04822954822954823,,
,,0.11538461538461539,,
,,0.2742673992673993,,
,,0.4311660561660562,,
,,0.4952686202686203,,
,,0.5038156288156288,,
,,0.4461233211233211,,
,,0.4858058608058608,,
,,0.5175518925518925,,
,,0.4358974358974359,,
,,0.4001831501831502,,
,,0.35119047619047616,,
,,0.3627899877899878,,
,,0.16681929181929184,,
,,0.03815628815628816,,
,,0.005647130647130647,,
,,0.0,,
,,0.0,,
,,0.0,,
,,0.014499389499389498,,
,,0.03983516483516483,,
,,0.056929181929181935,,
,,0.008547008547008548,,
,,0.0,,
,,0.0,,
,,0.0,,
,,0.0,,
,,0.054945054945054944,,
,,0.1688034188034188,,
,,0.33501221001221004,,
,,0.3148656898656899,,
,,0.2996031746031746,,
,,0.2780830280830281,,
,,0.25717338217338215,,
,,0.2467948717948718,,
,,0.24710012210012208,,
,,0.3067765567765568,,
,,0.31532356532356537,,
,,0.3038766788766789,,
,,0.2742673992673993,,
,,0.2303113553113553,,
,,0.19856532356532355,,
,,0.23366910866910867,,
,,0.240995115995116,,
,,0.35729548229548225,,
,,0.3852258852258852,,
,,0.4137667887667888,,
,,0.5119047619047619,,
,,0.567002442002442,,
,,0.6474358974358975,,
,,0.5828754578754579,,
,,0.5811965811965811,,
,,0.4722222222222222,,
,,0.5268620268620269,,
,,0.7063492063492063,,
,,0.731074481074481,,
,,0.6538461538461539,,
,,0.6735347985347986,,
,,0.7197802197802198,,
,,0.7358058608058609,,
,,0.7318376068376069,,
,,0.7374847374847374,,
,,0.7251221001221001,,
,,0.73992673992674,,
,,0.6626984126984128,,
,,0.5686813186813187,,
,,0.5949328449328449,,
,,0.628052503052503,,
,,0.5357142857142857,,
,,0.5465506715506716,,
,,0.5465506715506716,,
,,0.6146214896214897,,
,,0.6833028083028083,,
,,0.706959706959707,,
,,0.6921550671550671,,
,,0.6184371184371183,,
,,0.5790598290598291,,
,,0.6077533577533578,,
,,0.638888888888889,,
,,0.6167582417582418,,
,,0.6187423687423688,,
,,0.6068376068376069,,
,,0.5898962148962149,,
,,0.5883699633699634,,
,,0.6253052503052503,,
,,0.590964590964591,,
,,0.3891941391941392,,
,,0.2226800976800977,,
,,0.2251221001221001,,
,,0.14514652014652016,,
,,0.050824175824175824,,
,,0.03250915750915751,,
,,0.0027472527472527475,,
,,0.00808913308913309,,
,,0.16376678876678877,,
,,0.23107448107448106,,
,,0.1794871794871795,,
,,0.06227106227106227,,
,,0.009768009768009768,,
,,0.0,,
,,0.08943833943833943,,
,,0.18162393162393162,,
,,0.22939560439560439,,
,,0.24114774114774112,,
,,0.3047924297924298,,
,,0.2573260073260073,,
,,0.20207570207570208,,
,,0.18681318681318682,,
,,0.16422466422466422,,
,,0.34065934065934067,,
,,0.25,,
,,0.16498778998779,,
,,0.11599511599511599,,
,,0.0521978021978022,,
,,0.025793650793650792,,
,,0.0,,
,,0.0,,
,,0.02213064713064713,,
,,0.01938339438339438,,
,,0.03250915750915751,,
,,0.1388888888888889,,
,,0.202991452991453,,
,,0.29532967032967034,,
,,0.4532967032967033,,
,,0.49893162393162394,,
,,0.3962148962148962,,
,,0.4899267399267399,,
,,0.5648656898656899,,
,,0.5743284493284493,,
,,0.5413614163614163,,
,,0.5366300366300366,,
,,0.643925518925519,,
,,0.5608974358974359,,
,,0.4700854700854701,,
,,0.24282661782661782,,
,,0.11935286935286936,,
,,0.059065934065934064,,
,,0.009462759462759462,,
,,0.0,,
,,0.0,,
,,0.0,,
,,0.0,,
,,0.005494505494505495,,
,,0.010225885225885226,,
,,0.0,,
,,0.025946275946275948,,
,,0.0,,
,,0.0,,
,,0.0,,
,,0.0,,
,,0.0,,
,,0.05128205128205128,,
,,0.1192002442002442,,
,,0.046550671550671545,,
,,0.06394993894993894,,
,,0.06715506715506715,,
,,0.002136752136752137,,
,,0.0,,
,,0.0,,
,,0.0,,
,,0.0,,
,,0.001678876678876679,,
,,0.0,,
,,0.0,,
,,0.0,,
,,0.0,,
,,0.0,,
,,0.0,,
,,0.04044566544566545,,
,,0.02442002442002442,,
,,0.0,,
,,0.034340659340659344,,
,,0.19719169719169719,,
,,0.14453601953601955,,
,,0.025335775335775336,,
,,0.005189255189255189,,
,,0.0,,
,,0.0,,
,,0.0,,
,,0.0,,
,,0.0,,
,,0.0,,
,,0.0,,
,,0.0,,
,,0.0,,
,,0.0,,
,,0.0,,
,,0.0,,
,,0.0,,
,,0.0,,
,,0.0,,
,,0.0,,
,,0.0,,
,,0.0,,
,,0.0,,
,,0.0,,
,,0.026556776556776556,,
,,0.017857142857142856,,
,,0.021825396825396828,,
,,0.049297924297924296,,
,,0.005647130647130647,,
,,0.0,,
,,0.0,,
,,0.0,,
,,0.0,,
,,0.0,,
,,0.0,,
,,0.031746031746031744,,
,,0.15155677655677655,,
,,0.30036630036630035,,
,,0.6353785103785103,,
,,0.7675518925518926,,
,,0.7518315018315018,,
,,0.7527472527472527,,
,,0.7536630036630036,,
,,0.7464896214896215,,
,,0.592948717948718,,
,,0.20955433455433453,,
,,0.04609279609279609,,
,,0.07112332112332112,,
,,0.1336996336996337,,
,,0.1485042735042735,,
,,0.17765567765567766,,
,,0.17857142857142858,,
,,0.1794871794871795,,
,,0.12698412698412698,,
,,0.007936507936507936,,
,,0.0,,
,,0.0,,
,,0.0,,
,,0.0,,
,,0.041056166056166056,,
,,0.2522893772893773,,
,,0.3861416361416361,,
,,0.4175824175824176,,
,,0.47176434676434675,,
,,0.5077838827838828,,
,,0.5512820512820513,,
,,0.5457875457875457,,
,,0.507020757020757,,
,,0.5071733821733821,,
,,0.5073260073260073,,
,,0.6213369963369964,,
,,0.6868131868131868,,
,,0.7104700854700854,,
,,0.728021978021978,,
,,0.7275641025641025,,
,,0.7284798534798534,,
,,0.7275641025641025,,
,,0.728021978021978,,
,,0.7071123321123322,,
,,0.6616300366300366,,
,,0.6776556776556777,,
,,0.6694139194139194,,
,,0.6732295482295483,,
,,0.6602564102564102,,
,,0.6694139194139194,,
,,0.6535409035409036,,
,,0.6564407814407814,,
,,0.6538461538461539,,
,,0.684981684981685,,
,,0.684981684981685,,
,,0.6694139194139194,,
,,0.6320207570207571,,
,,0.6703296703296703,,
,,0.684981684981685,,
,,0.6831501831501832,,
,,0.6822344322344323,,
,,0.6822344322344323,,
,,0.6623931623931624,,
,,0.7377899877899878,,
,,0.7362637362637363,,
,,0.7362637362637363,,
,,0.7362637362637363,,
,,0.7362637362637363,,
,,0.737026862026862,,
,,0.7524420024420024,,
,,0.7799145299145299,,
,,0.7602258852258853,,
,,0.7208485958485958,,
,,0.7072649572649572,,
,,0.30631868131868134,,
,,0.3791208791208791,,
,,0.7625152625152626,,
,,0.7585470085470085,,
,,0.7466422466422465,,
,,0.7362637362637363,,
,,0.7489316239316239,,
,,0.7535103785103785,,
,,0.7300061050061051,,
,,0.7365689865689865,,
,,0.7477106227106227,,
,,0.7547313797313798,,
,,0.7568681318681318,,
,,0.7744200244200244,,
,,0.7693833943833944,,
,,0.7414529914529915,,
,,0.7722832722832722,,
,,0.7602258852258853,,
,,0.7611416361416362,,
,,0.7387057387057387,,
,,0.7063492063492063,,
,,0.7240537240537241,,
,,0.6764346764346765,,
,,0.6593406593406593,,
,,0.6076007326007326,,
,,0.6260683760683761,,
,,0.6456043956043956,,
,,0.6903235653235653,,
,,0.6981074481074481,,
,,0.7338217338217338,,
,,0.7486263736263736,,
,,0.7667887667887667,,
,,0.7362637362637363,,
,,0.7358058608058609,,
,,0.7356532356532356,,
,,0.7327533577533578,,
,,0.7362637362637363,,
,,0.7362637362637363,,
,,0.7362637362637363,,
,,0.736111111111111,,
,,0.7380952380952381,,
,,0.7374847374847374,,
,,0.7380952380952381,,
,,0.7380952380952381,,
,,0.7380952380952381,,
,,0.7371794871794872,,
,,0.7362637362637363,,
,,0.7377899877899878,,
,,0.7380952380952381,,
,,0.7342796092796092,,
,,0.748015873015873,,
,,0.7371794871794872,,
,,0.7358058608058609,,
,,0.737026862026862,,
,,0.7335164835164835,,
,,0.7338217338217338,,
,,0.7380952380952381,,
,,0.7380952380952381,,
,,0.7380952380952381,,
,,0.7402319902319902,,
,,0.7380952380952381,,
,,0.7380952380952381,,
,,0.7380952380952381,,
,,0.7380952380952381,,
,,0.7368742368742369,,
,,0.728021978021978,,
,,0.7206959706959707,,
,,0.6923076923076923,,
,,0.5431929181929182,,
,,0.13568376068376067,,
,,0.0,,
,,0.0,,
,,0.03250915750915751,,
,,0.02564102564102564,,
,,0.0015262515262515263,,
,,0.0018315018315018315,,
,,0.21382783882783882,,
,,0.4971001221001221,,
,,0.646978021978022,,
,,0.684981684981685,,
,,0.684981684981685,,
,,0.684981684981685,,
,,0.6877289377289377,,
,,0.6845238095238095,,
,,0.684981684981685,,
,,0.6817765567765568,,
,,0.6965811965811967,,
,,0.7315323565323565,,
,,0.726037851037851,,
,,0.6886446886446886,,
,,0.7048229548229549,,
,,0.6333943833943835,,
,,0.5224358974358975,,
,,0.5244200244200244,,
,,0.5679181929181929,,
,,0.5691391941391941,,
,,0.5474664224664225,,
,,0.5621184371184371,,
,,0.6552197802197802,,
,,0.6785714285714286,,
,,0.6923076923076923,,
,,0.7208485958485958,,
,,0.7495421245421245,,
,,0.717948717948718,,
,,0.6671245421245421,,
,,0.652014652014652,,
,,0.7483211233211233,,
,,0.7670940170940171,,
,,0.7380952380952381,,
,,0.7380952380952381,,
,,0.7380952380952381,,
,,0.7380952380952381,,
,,0.7380952380952381,,
,,0.7380952380952381,,
,,0.7380952380952381,,
,,0.7380952380952381,,
,,0.7380952380952381,,
,,0.7380952380952381,,
,,0.7380952380952381,,
,,0.7380952380952381,,
,,0.7380952380952381,,
,,0.7536630036630036,,
,,0.7498473748473748,,
,,0.7368742368742369,,
,,0.7380952380952381,,
,,0.7365689865689865,,
,,0.7518315018315018,,
,,0.751984126984127,,
,,0.7487789987789988,,
,,0.7591575091575091,,
,,0.7228327228327228,,
,,0.6923076923076923,,
,,0.7152014652014652,,
,,0.7380952380952381,,
,,0.7075702075702076,,
,,0.7228327228327228,,
,,0.7380952380952381,,
,,0.7380952380952381,,
,,0.7374847374847374,,
,,0.7362637362637363,,
,,0.7362637362637363,,
,,0.7446581196581197,,
,,0.7559523809523809,,
,,0.7362637362637363,,
,,0.7362637362637363,,
,,0.7362637362637363,,
,,0.7655677655677655,,
,,0.7745726495726495,,
,,0.7655677655677655,,
,,0.7290903540903542,,
,,0.7513736263736264,,
,,0.7709096459096458,,
,,0.769078144078144,,
,,0.7619047619047619,,
,,0.7365689865689865,,
,,0.7307692307692307,,
,,0.7321428571428571,,
,,0.7362637362637363,,
,,0.7362637362637363,,
,,0.7362637362637363,,
,,0.7362637362637363,,
,,0.7362637362637363,,
,,0.7362637362637363,,
,,0.7362637362637363,,
,,0.7362637362637363,,
,,0.7355006105006106,,
,,0.7374847374847374,,
,,0.7290903540903542,,
,,0.733058608058608,,
,,0.7506105006105006,,
,,0.7362637362637363,,
,,0.7438949938949938,,
,,0.7515262515262515,,
,,0.7428266178266179,,
,,0.7228327228327228,,
,,0.7362637362637363,,
,,0.7362637362637363,,
,,0.7362637362637363,,
,,0.7371794871794872,,
,,0.7812881562881563,,
,,0.7365689865689865,,
,,0.7362637362637363,,
,,0.7362637362637363,,
,,0.7362637362637363,,
,,0.7348901098901099,,
,,0.7348901098901099,,
,,0.7362637362637363,,
,,0.7374847374847374,,
,,0.7380952380952381,,
,,0.7365689865689865,,
,,0.7362637362637363,,
,,0.7374847374847374,,
,,0.7232905982905983,,
,,0.7377899877899878,,
,,0.7312271062271062,,
,,0.42826617826617824,,
,,0.09386446886446886,,
,,0.009768009768009768,,
,,0.0,,
,,0.0,,
,,0.0,,
,,0.0,,
,,0.0,,
,,0.0,,
,,0.0,,
,,0.0,,
,,0.0,,
,,0.0,,
,,0.0,,
,,0.0,,
,,0.0,,
,,0.0,,
,,0.0,,
,,0.0,,
,,0.0,,
,,0.025946275946275948,,
,,0.19139194139194138,,
,,0.3646214896214896,,
,,0.3402014652014652,,
,,0.23916361416361417,,
,,0.5422771672771672,,
,,0.6410256410256411,,
,,0.6556776556776557,,
,,0.684981684981685,,
,,0.684981684981685,,
,,0.6993284493284494,,
,,0.7275641025641025,,
,,0.7275641025641025,,
,,0.7275641025641025,,
,,0.7365689865689865,,
,,0.7380952380952381,,
,,0.7380952380952381,,
,,0.7380952380952381,,
,,0.7380952380952381,,
,,0.7380952380952381,,
,,0.7380952380952381,,
,,0.7380952380952381,,
,,0.7380952380952381,,
,,0.739010989010989,,
,,0.730921855921856,,
,,0.73992673992674,,
,,0.736111111111111,,
,,0.7380952380952381,,
,,0.7380952380952381,,
,,0.7380952380952381,,
,,0.739010989010989,,
,,0.7380952380952381,,
,,0.7304639804639805,,
,,0.7408424908424909,,
,,0.7408424908424909,,
,,0.7408424908424909,,
,,0.7408424908424909,,
,,0.7385531135531136,,
,,0.7380952380952381,,
,,0.7380952380952381,,
,,0.7380952380952381,,
,,0.7380952380952381,,
,,0.7394688644688645,,
,,0.7400793650793651,,
,,0.7408424908424909,,
,,0.7408424908424909,,
,,0.7408424908424909,,
,,0.7394688644688645,,
,,0.7251221001221001,,
,,0.6958180708180708,,
,,0.6793345543345543,,
,,0.6106532356532356,,
,,0.3487484737484738,,
,,0.2599206349206349,,
,,0.2271062271062271,,
,,0.1523199023199023,,
,,0.024114774114774116,,
,,0.0322039072039072,,
,,0.15705128205128205,,
,,0.1491147741147741,,
,,0.13476800976800976,,
,,0.2844932844932845,,
,,0.43070818070818073,,
,,0.7121489621489622,,
,,0.739010989010989,,
,,0.717032967032967,,
,,0.6804029304029304,,
,,0.6483516483516484,,
,,0.6483516483516484,,
,,0.7254273504273505,,
,,0.7408424908424909,,
,,0.7408424908424909,,
,,0.7408424908424909,,
,,0.7408424908424909,,
,,0.7408424908424909,,
,,0.739010989010989,,
,,0.7380952380952381,,
,,0.7380952380952381,,
,,0.7246642246642246,,
,,0.7046703296703297,,
,,0.7380952380952381,,
,,0.7385531135531136,,
,,0.7602258852258853,,
,,0.7345848595848596,,
,,0.7292429792429792,,
,,0.7435897435897436,,
,,0.12606837606837606,,
,,0.5080891330891331,,
,,0.7611416361416362,,
,,0.7628205128205128,,
,,0.7522893772893773,,
,,0.746947496947497,,
,,0.7615995115995117,,
,,0.7796092796092796,,
,,0.7611416361416362,,
,,0.7074175824175825,,
,,0.717032967032967,,
,,0.7277167277167278,,
,,0.7268009768009769,,
,,0.7176434676434676,,
,,0.7278693528693528,,
,,0.7303113553113553,,
,,0.7602258852258853,,
,,0.7373321123321124,,
,,0.7077228327228327,,
,,0.6636141636141637,,
,,0.6483516483516484,,
,,0.6480463980463981,,
,,0.648962148962149,,
,,0.7408424908424909,,
,,0.7408424908424909,,
,,0.7408424908424909,,
,,0.7408424908424909,,
,,0.7332112332112333,,
,,0.7107753357753358,,
,,0.7408424908424909,,
,,0.7408424908424909,,
,,0.7003968253968254,,
,,0.7408424908424909,,
,,0.7017704517704517,,
,,0.7336691086691087,,
,,0.7408424908424909,,
,,0.7408424908424909,,
,,0.7161172161172161,,
,,0.6478937728937729,,
,,0.03159340659340659,,
,,0.0013736263736263737,,
,,0.0,,
,,0.0,,
,,0.0,,
,,0.0,,
,,0.0,,
,,0.0,,
,,0.0,,
,,0.0,,
,,0.0,,
,,0.0,,
,,0.0,,
,,0.0,,
,,0.0,,
,,0.0,,
,,0.001984126984126984,,
,,0.0,,
,,0.04822954822954823,,
,,0.0,,
,,0.0,,
,,0.001678876678876679,,
,,0.001984126984126984,,
,,0.0,,
,,0.06364468864468864,,
,,0.08699633699633699,,
,,0.07127594627594627,,
,,0.08669108669108669,,
,,0.14178876678876678,,
,,0.14178876678876678,,
,,0.28357753357753357,,
,,0.3537851037851038,,
,,0.5216727716727716,,
,,0.6054639804639805,,
,,0.6437728937728938,,
,,0.6674297924297924,,
,,0.6868131868131868,,
,,0.6865079365079365,,
,,0.6843711843711843,,
,,0.684981684981685,,
,,0.684981684981685,,
,,0.7005494505494505,,
,,0.6735347985347986,,
,,0.6543040293040293,,
,,0.6349206349206349,,
,,0.557997557997558,,
,,0.5686813186813187,,
,,0.5119047619047619,,
,,0.5184676434676434,,
,,0.5172466422466423,,
,,0.48473748473748474,,
,,0.476953601953602,,
,,0.5141941391941391,,
,,0.554945054945055,,
,,0.5654761904761905,,
,,0.5488400488400489,,
,,0.5474664224664225,,
,,0.6510989010989011,,
,,0.49862637362637363,,
,,0.556013431013431,,
,,0.674908424908425,,
,,0.6402625152625153,,
,,0.5898962148962149,,
,,0.4697802197802198,,
,,0.42735042735042733,,
,,0.3620268620268621,,
,,0.05616605616605616,,
,,0.0,,
,,0.0,,
,,0.0,,
,,0.0,,
,,0.0,,
,,0.0,,
,,0.020451770451770452,,
,,0.0,,
,,0.0,,
,,0.0,,
,,0.0,,
,,0.0,,
,,0.0,,
,,0.0,,
,,0.0,,
,,0.46733821733821734,,
,,0.6620879120879121,,
,,0.6834554334554334,,
,,0.6978021978021978,,
,,0.6949023199023199,,
,,0.581959706959707,,
,,0.32936507936507936,,
,,0.1478937728937729,,
,,0.051739926739926737,,
,,0.0,,
,,0.0,,
,,0.011752136752136752,,
,,0.25778388278388276,,
,,0.33379120879120877,,
,,0.20344932844932845,,
,,0.3850732600732601,,
,,0.27106227106227104,,
,,0.27640415140415137,,
,,0.2597680097680098,,
,,0.432997557997558,,
,,0.48595848595848595,,
,,0.6295787545787546,,
,,0.6507936507936508,,
,,0.6662087912087912,,
,,0.7571733821733821,,
,,0.757936507936508,,
,,0.7516788766788767,,
,,0.759004884004884,,
,,0.7571733821733821,,
,,0.7628205128205128,,
,,0.7654151404151404,,
,,0.7408424908424909,,
,,0.7338217338217338,,
,,0.7303113553113553,,
,,0.7298534798534798,,
,,0.7297008547008547,,
,,0.7293956043956044,,
,,0.6953601953601953,,
,,0.6701770451770451,,
,,0.6926129426129426,,
,,0.700091575091575,,
,,0.7297008547008547,,
,,0.6921550671550671,,
,,0.684981684981685,,
,,0.684981684981685,,
,,0.6401098901098901,,
,,0.6776556776556777,,
,,0.6703296703296703,,
,,0.6775030525030524,,
,,0.6556776556776557,,
,,0.6920024420024421,,
,,0.6910866910866912,,
,,0.6572039072039072,,
,,0.6596459096459096,,
,,0.6285103785103785,,
,,0.6855921855921856,,
,,0.6695665445665446,,
,,0.7118437118437118,,
,,0.7448107448107447,,
,,0.736111111111111,,
,,0.7287851037851037,,
,,0.7014652014652014,,
,,0.7429792429792429,,
,,0.6854395604395604,,
,,0.7097069597069597,,
,,0.6471306471306472,,
,,0.6640720390720392,,
,,0.6781135531135531,,
,,0.6257631257631258,,
,,0.6295787545787546,,
,,0.6625457875457875,,
,,0.6391941391941391,,
,,0.663003663003663,,
,,0.6671245421245421,,
,,0.5641025641025641,,
,,0.7017704517704517,,
,,0.7074175824175825,,
,,0.6846764346764347,,
,,0.6920024420024421,,
,,0.7155067155067154,,
,,0.6381257631257631,,
,,0.684981684981685,,
,,0.684981684981685,,
,,0.6997863247863249,,
,,0.7307692307692307,,
,,0.7155067155067154,,
,,0.6410256410256411,,
,,0.6572039072039072,,
,,0.7307692307692307,,
,,0.6941391941391941,,
,,0.6800976800976801,,
,,0.7020757020757021,,
,,0.6562881562881563,,
,,0.6414835164835165,,
,,0.6868131868131868,,
,,0.6333943833943835,,
,,0.5952380952380952,,
,,0.5952380952380952,,
,,0.6182844932844933,,
,,0.7007020757020758,,
,,0.6776556776556777,,
,,0.6562881562881563,,
,,0.6391941391941391,,
,,0.6723137973137974,,
,,0.7078754578754579,,
,,0.7161172161172161,,
,,0.6868131868131868,,
,,0.6868131868131868,,
,,0.6868131868131868,,
,,0.6868131868131868,,
,,0.7014652014652014,,
,,0.7312271062271062,,
,,0.7023809523809523,,
,,0.6562881562881563,,
,,0.7225274725274725,,
,,0.6926129426129426,,
,,0.6843711843711843,,
,,0.7585470085470085,,
,,0.7132173382173381,,
,,0.7423687423687424,,
,,0.6874236874236874,,
,,0.682081807081807,,
,,0.6907814407814408,,
,,0.6483516483516484,,
,,0.6941391941391941,,
,,0.6391941391941391,,
,,0.6333943833943835,,
,,0.6311050061050062,,
,,0.6456043956043956,,
,,0.6758241758241759,,
,,0.6594932844932846,,
,,0.7098595848595849,,
,,0.6695665445665446,,
,,0.6024114774114774,,
,,0.6179792429792429,,
,,0.575091575091575,,
,,0.49007936507936506,,
,,0.5439560439560439,,
,,0.5459401709401709,,
,,0.6155372405372406,,
,,0.6507936507936508,,
,,0.7264957264957265,,
,,0.6779609279609279,,
,,0.6401098901098901,,
,,0.6535409035409036,,
,,0.6448412698412699,,
,,0.6747557997557997,,
,,0.7365689865689865,,
,,0.746947496947497,,
,,0.6486568986568986,,
,,0.585927960927961,,
,,0.6231684981684982,,
,,0.6127899877899878,,
,,0.6013431013431014,,
,,0.5607448107448108,,
,,0.6163003663003663,,
,,0.6051587301587301,,
,,0.5973748473748474,,
,,0.6018009768009769,,
,,0.646978021978022,,
,,0.6011904761904762,,
,,0.45985958485958484,,
,,0.5187728937728938,,
,,0.6317155067155067,,
,,0.6620879120879121,,
,,0.63507326007326,,
,,0.679945054945055,,
,,0.6079059829059829,,
,,0.5648656898656899,,
,,0.632936507936508,,
,,0.6387362637362637,,
,,0.5718864468864469,,
,,0.6245421245421245,,
,,0.5468559218559218,,
,,0.32264957264957267,,
,,0.2585470085470085,,
,,0.3179181929181929,,
,,0.30112942612942617,,
,,0.3124236874236874,,
,,0.39056776556776557,,
,,0.43253968253968256,,
,,0.4072039072039072,,
,,0.4116300366300366,,
,,0.3693528693528694,,
,,0.39911477411477414,,
,,0.3920940170940171,,
,,0.3923992673992674,,
,,0.38782051282051283,,
,,0.4026251526251526,,
,,0.41025641025641024,,
,,0.41025641025641024,,
,,0.4311660561660562,,
,,0.38568376068376065,,
,,0.3740842490842491,,
,,0.3663003663003663,,
,,0.3663003663003663,,
,,0.3431013431013431,,
,,0.3823260073260073,,
,,0.4043040293040293,,
,,0.3803418803418804,,
,,0.3740842490842491,,
,,0.35805860805860806,,
,,0.36599511599511597,,
,,0.39697802197802196,,
,,0.36599511599511597,,
,,0.36355311355311354,,
,,0.3339438339438339,,
,,0.3498168498168498,,
,,0.34264346764346765,,
,,0.3516483516483517,,
,,0.3974358974358974,,
,,0.38324175824175827,,
,,0.3708791208791209,,
,,0.3663003663003663,,
,,0.413003663003663,,
,,0.4177350427350427,,
,,0.440018315018315,,
,,0.43864468864468864,,
,,0.43864468864468864,,
,,0.43864468864468864,,
,,0.43864468864468864,,
,,0.4391025641025641,,
,,0.43482905982905984,,
,,0.43772893772893773,,
,,0.43864468864468864,,
,,0.4381868131868132,,
,,0.4305555555555555,,
,,0.43864468864468864,,
,,0.43727106227106227,,
,,0.43864468864468864,,
,,0.43772893772893773,,
,,0.4381868131868132,,
,,0.432997557997558,,
,,0.43956043956043955,,
,,0.4374236874236874,,
,,0.43696581196581197,,
,,0.4308608058608059,,
,,0.6266788766788767,,
,,0.5586080586080586,,
,,0.611111111111111,,
,,0.5724969474969475,,
,,0.5512820512820513,,
,,0.6092796092796092,,
,,0.6022588522588523,,
,,0.5627289377289377,,
,,0.5885225885225885,,
,,0.519993894993895,,
,,0.5351037851037851,,
,,0.5123626373626373,,
,,0.28006715506715507,,
,,0.3289072039072039,,
,,0.5195360195360196,,
,,0.5782967032967034,,
,,0.5575396825396826,,
,,0.5865384615384616,,
,,0.527014652014652,,
,,0.556929181929182,,
,,0.5369352869352869,,
,,0.5054945054945055,,
,,0.5410561660561661,,
,,0.5567765567765568,,
,,0.5586080586080586,,
,,0.5874542124542125,,
,,0.548992673992674,,
,,0.5181623931623932,,
,,0.5874542124542125,,
,,0.5480769230769231,,
,,0.548992673992674,,
,,0.5494505494505495,,
,,0.5032051282051282,,
,,0.5485347985347986,,
,,0.5796703296703297,,
,,0.5723443223443223,,
