南部,中部,北部,東部,離島
,0.08669108669108669,,,
,0.06807081807081806,,,
,0.11813186813186813,,,
,0.18452380952380953,,,
,0.08043345543345544,,,
,0.05891330891330891,,,
,0.04624542124542125,,,
,0.06547619047619048,,,
,0.05555555555555556,,,
,0.07326007326007326,,,
,0.07051282051282051,,,
,0.07463369963369963,,,
,0.05921855921855922,,,
,0.07661782661782661,,,
,0.10042735042735042,,,
,0.11965811965811965,,,
,0.14133089133089133,,,
,0.12484737484737485,,,
,0.08806471306471306,,,
,0.0863858363858364,,,
,0.08669108669108669,,,
,0.09065934065934066,,,
,0.05723443223443223,,,
,0.0692918192918193,,,
,0.0876068376068376,,,
,0.06486568986568986,,,
,0.05647130647130647,,,
,0.07738095238095238,,,
,0.06211843711843711,,,
,0.05036630036630037,,,
,0.009462759462759462,,,
,0.0,,,
,0.008547008547008548,,,
,0.006715506715506716,,,
,0.05067155067155067,,,
,0.024877899877899876,,,
,0.036782661782661784,,,
,0.047771672771672775,,,
,0.057692307692307696,,,
,0.0789072039072039,,,
,0.14056776556776557,,,
,0.09768009768009768,,,
,0.050061050061050064,,,
,0.06944444444444445,,,
,0.05387667887667887,,,
,0.042735042735042736,,,
,0.06883394383394384,,,
,0.03388278388278388,,,
,0.0666971916971917,,,
,0.11156898656898658,,,
,0.08592796092796093,,,
,0.050824175824175824,,,
,0.013278388278388278,,,
,0.013278388278388278,,,
,0.0,,,
,0.0,,,
,0.0,,,
,0.0,,,
,0.0,,,
,0.0,,,
,0.03418803418803419,,,
,0.02960927960927961,,,
,0.045787545787545784,,,
,0.06761294261294261,,,
,0.12179487179487179,,,
,0.15766178266178268,,,
,0.14255189255189255,,,
,0.08272283272283273,,,
,0.045177045177045176,,,
,0.056776556776556776,,,
,0.018467643467643468,,,
,0.0,,,
,0.002136752136752137,,,
,0.01572039072039072,,,
,0.025793650793650792,,,
,0.01938339438339438,,,
,0.014652014652014652,,,
,0.04044566544566545,,,
,0.030677655677655676,,,
,0.0,,,
,0.0,,,
,0.0,,,
,0.0,,,
,0.0,,,
,0.0,,,
,0.0,,,
,0.017551892551892552,,,
,0.031135531135531136,,,
,0.004273504273504274,,,
,0.00351037851037851,,,
,0.0,,,
,0.0,,,
,0.0,,,
,0.0,,,
,0.0,,,
,0.0,,,
,0.0,,,
,0.0,,,
,0.0,,,
,0.0,,,
,0.0,,,
,0.0,,,
,0.0,,,
,0.0,,,
,0.0,,,
,0.0,,,
,0.0,,,
,0.0,,,
,0.0,,,
,0.0,,,
,0.0,,,
,0.0,,,
,0.0,,,
,0.0,,,
,0.0,,,
,0.0,,,
,0.0,,,
,0.0,,,
,0.0,,,
,0.0,,,
,0.0,,,
,0.0,,,
,0.0,,,
,0.0,,,
,0.0,,,
,0.0,,,
,0.0,,,
,0.0,,,
,0.0,,,
,0.0,,,
,0.0,,,
,0.0028998778998779,,,
,0.02777777777777778,,,
,0.02777777777777778,,,
,0.04563492063492063,,,
,0.020604395604395604,,,
,0.0,,,
,0.07173382173382173,,,
,0.03418803418803419,,,
,0.0025946275946275945,,,
,0.0,,,
,0.0,,,
,0.0,,,
,0.0,,,
,0.0,,,
,0.0,,,
,0.0,,,
,0.0,,,
,0.0,,,
,0.0,,,
,0.0,,,
,0.0,,,
,0.0,,,
,0.0,,,
,0.0,,,
,0.0,,,
,0.0,,,
,0.0,,,
,0.0,,,
,0.0,,,
,0.0,,,
,0.0,,,
,0.0,,,
,0.0,,,
,0.0,,,
,0.0,,,
,0.0,,,
,0.0,,,
,0.0,,,
,0.0,,,
,0.0,,,
,0.0,,,
,0.0,,,
,0.0,,,
,0.0,,,
,0.0,,,
,0.0,,,
,0.007326007326007326,,,
,0.0025946275946275945,,,
,0.0,,,
,0.0,,,
,0.0,,,
,0.0,,,
,0.0,,,
,0.04227716727716728,,,
,0.106990231990232,,,
,0.09676434676434675,,,
,0.05326617826617827,,,
,0.05631868131868132,,,
,0.07707570207570207,,,
,0.07005494505494506,,,
,0.07219169719169719,,,
,0.028235653235653236,,,
,0.04624542124542125,,,
,0.032814407814407816,,,
,0.046550671550671545,,,
,0.002136752136752137,,,
,0.01694139194139194,,,
,0.07997557997557998,,,
,0.29975579975579975,,,
,0.30250305250305254,,,
,0.19703907203907206,,,
,0.10775335775335775,,,
,0.09447496947496947,,,
,0.2155067155067155,,,
,0.30982905982905984,,,
,0.4519230769230769,,,
,0.3286019536019536,,,
,0.39667277167277165,,,
,0.21794871794871795,,,
,0.16315628815628816,,,
,0.14636752136752137,,,
,0.11294261294261294,,,
,0.0692918192918193,,,
,0.08791208791208792,,,
,0.10347985347985347,,,
,0.08852258852258851,,,
,0.03128815628815629,,,
,0.003357753357753358,,,
,0.06501831501831502,,,
,0.04990842490842491,,,
,0.014194139194139194,,,
,0.026404151404151404,,,
,0.16498778998779,,,
,0.2648046398046398,,,
,0.20665445665445667,,,
,0.14942002442002442,,,
,0.14056776556776557,,,
,0.19154456654456656,,,
,0.326007326007326,,,
,0.48840048840048844,,,
,0.48412698412698413,,,
,0.5088522588522588,,,
,0.4523809523809524,,,
,0.49099511599511597,,,
,0.25244200244200243,,,
,0.2567155067155067,,,
,0.18833943833943836,,,
,0.09355921855921856,,,
,0.1346153846153846,,,
,0.14178876678876678,,,
,0.0989010989010989,,,
,0.056776556776556776,,,
,0.038461538461538464,,,
,0.05036630036630037,,,
,0.06059218559218559,,,
,0.03373015873015873,,,
,0.08852258852258851,,,
,0.1282051282051282,,,
,0.09996947496947496,,,
,0.05433455433455433,,,
,0.07432844932844933,,,
,0.10592185592185592,,,
,0.09432234432234432,,,
,0.1565934065934066,,,
,0.19276556776556777,,,
,0.15506715506715504,,,
,0.16315628815628816,,,
,0.11141636141636141,,,
,0.14148351648351648,,,
,0.10897435897435898,,,
,0.10729548229548229,,,
,0.16941391941391942,,,
,0.15583028083028083,,,
,0.08577533577533578,,,
,0.13247863247863248,,,
,0.11263736263736264,,,
,0.08470695970695971,,,
,0.08485958485958485,,,
,0.10668498168498168,,,
,0.043650793650793655,,,
,0.029304029304029304,,,
,0.004731379731379731,,,
,0.0,,,
,0.0,,,
,0.0,,,
,0.0,,,
,0.0,,,
,0.0,,,
,0.0,,,
,0.10164835164835165,,,
,0.16361416361416362,,,
,0.1807081807081807,,,
,0.13598901098901098,,,
,0.11492673992673992,,,
,0.07478632478632478,,,
,0.03373015873015873,,,
,0.03449328449328449,,,
,0.04609279609279609,,,
,0.06791819291819293,,,
,0.05555555555555556,,,
,0.07661782661782661,,,
,0.0815018315018315,,,
,0.05815018315018315,,,
,0.05479242979242979,,,
,0.04700854700854701,,,
,0.03876678876678876,,,
,0.0,,,
,0.0,,,
,0.0,,,
,0.0,,,
,0.0,,,
,0.0,,,
,0.0,,,
,0.0,,,
,0.044413919413919416,,,
,0.07264957264957264,,,
,0.05921855921855922,,,
,0.06150793650793651,,,
,0.06333943833943834,,,
,0.07783882783882784,,,
,0.07677045177045178,,,
,0.10805860805860806,,,
,0.08836996336996338,,,
,0.06211843711843711,,,
,0.02090964590964591,,,
,0.05280830280830281,,,
,0.08333333333333333,,,
,0.054181929181929184,,,
,0.06456043956043957,,,
,0.04563492063492063,,,
,0.01282051282051282,,,
,0.0,,,
,0.0,,,
,0.0,,,
,0.0,,,
,0.0,,,
,0.0,,,
,0.0,,,
,0.0,,,
,0.0,,,
,0.007326007326007326,,,
,0.03250915750915751,,,
,0.029456654456654456,,,
,0.09996947496947496,,,
,0.0808913308913309,,,
,0.04471916971916971,,,
,0.0,,,
,0.0,,,
,0.04212454212454213,,,
,0.04822954822954823,,,
,0.05463980463980464,,,
,0.059829059829059825,,,
,0.047771672771672775,,,
,0.012515262515262516,,,
,0.0,,,
,0.0,,,
,0.0,,,
,0.0,,,
,0.0,,,
,0.0,,,
,0.0,,,
,0.029456654456654456,,,
,0.11416361416361416,,,
,0.12042124542124542,,,
,0.08592796092796093,,,
,0.04792429792429792,,,
,0.010683760683760684,,,
,0.01617826617826618,,,
,0.036935286935286936,,,
,0.13293650793650794,,,
,0.10134310134310134,,,
,0.07356532356532357,,,
,0.04700854700854701,,,
,0.018315018315018316,,,
,0.07081807081807082,,,
,0.05280830280830281,,,
,0.014652014652014652,,,
,0.0,,,
,0.0,,,
,0.0,,,
,0.0,,,
,0.0,,,
,0.0,,,
,0.0,,,
,0.0,,,
,0.0,,,
,0.0,,,
,0.0,,,
,0.0,,,
,0.08485958485958485,,,
,0.0963064713064713,,,
,0.06333943833943834,,,
,0.046855921855921856,,,
,0.05631868131868132,,,
,0.09645909645909646,,,
,0.08669108669108669,,,
,0.030982905982905984,,,
,0.036782661782661784,,,
,0.08836996336996338,,,
,0.09447496947496947,,,
,0.08669108669108669,,,
,0.06318681318681318,,,
,0.0,,,
,0.0,,,
,0.0,,,
,0.0,,,
,0.0,,,
,0.0,,,
,0.0,,,
,0.0,,,
,0.0,,,
,0.0,,,
,0.0,,,
,0.03601953601953602,,,
,0.09920634920634921,,,
,0.12912087912087913,,,
,0.22054334554334554,,,
,0.18894993894993894,,,
,0.09554334554334555,,,
,0.16452991452991453,,,
,0.11797924297924299,,,
,0.10073260073260074,,,
,0.1617826617826618,,,
,0.1018009768009768,,,
,0.024267399267399268,,,
,0.0,,,
,0.0,,,
,0.07783882783882784,,,
,0.02442002442002442,,,
,0.03891941391941392,,,
,0.018925518925518924,,,
,0.05631868131868132,,,
,0.08424908424908426,,,
,0.11782661782661782,,,
,0.17292429792429792,,,
,0.17918192918192918,,,
,0.16758241758241757,,,
,0.1423992673992674,,,
,0.24572649572649571,,,
,0.2512210012210012,,,
,0.5251831501831502,,,
,0.35012210012210015,,,
,0.302960927960928,,,
,0.21672771672771673,,,
,0.2574786324786325,,,
,0.3020451770451771,,,
,0.31684981684981683,,,
,0.2000915750915751,,,
,0.25137362637362637,,,
,0.2416056166056166,,,
,0.22847985347985347,,,
,0.38812576312576313,,,
,0.4739010989010989,,,
,0.5433455433455434,,,
,0.37515262515262515,,,
,0.44642857142857145,,,
,0.7393162393162392,,,
,0.7202380952380952,,,
,0.7313797313797314,,,
,0.7623626373626373,,,
,0.7197802197802198,,,
,0.7345848595848596,,,
,0.8081501831501832,,,
,0.8815628815628817,,,
,0.8086080586080586,,,
,0.7979242979242979,,,
,0.8421855921855922,,,
,0.9265873015873015,,,
,0.9114774114774115,,,
,0.7504578754578755,,,
,0.7312271062271062,,,
,0.6343101343101344,,,
,0.6317155067155067,,,
,0.5511294261294262,,,
,0.600885225885226,,,
,0.3353174603174603,,,
,0.2931929181929182,,,
,0.6514041514041513,,,
,0.7226800976800978,,,
,0.2036019536019536,,,
,0.8988095238095238,,,
,0.7556471306471307,,,
,0.7081807081807081,,,
,0.3956043956043956,,,
,0.6414835164835165,,,
,0.30982905982905984,,,
,0.3559218559218559,,,
,0.5862332112332113,,,
,0.6457570207570208,,,
,0.5894383394383395,,,
,0.4926739926739927,,,
,0.4453601953601954,,,
,0.40781440781440786,,,
,0.48412698412698413,,,
,0.46184371184371187,,,
,0.42933455433455436,,,
,0.4081196581196581,,,
,0.34264346764346765,,,
,0.2716727716727717,,,
,0.33409645909645913,,,
,0.538003663003663,,,
,0.5627289377289377,,,
,0.5434981684981685,,,
,0.8421855921855922,,,
,0.5242673992673993,,,
,0.24984737484737485,,,
,0.14194139194139194,,,
,0.17994505494505494,,,
,0.15674603174603174,,,
,0.1201159951159951,,,
,0.09615384615384616,,,
,0.09096459096459097,,,
,0.0782967032967033,,,
,0.08821733821733822,,,
,0.09874847374847376,,,
,0.10424297924297925,,,
,0.10637973137973138,,,
,0.12744200244200243,,,
,0.10485347985347986,,,
,0.07646520146520147,,,
,0.060897435897435896,,,
,0.017094017094017096,,,
,0.015873015873015872,,,
,0.03632478632478632,,,
,0.0173992673992674,,,
,0.041666666666666664,,,
,0.11507936507936507,,,
,0.06883394383394384,,,
,0.09096459096459097,,,
,0.0840964590964591,,,
,0.0318986568986569,,,
,0.0009157509157509158,,,
,0.02564102564102564,,,
,0.030372405372405372,,,
,0.029914529914529912,,,
,0.014957264957264956,,,
,0.028235653235653236,,,
,0.056013431013431016,,,
,0.047619047619047616,,,
,0.044413919413919416,,,
,0.012057387057387058,,,
,0.007783882783882784,,,
,0.037545787545787544,,,
,0.014957264957264956,,,
,0.03815628815628816,,,
,0.044413919413919416,,,
,0.06837606837606838,,,
,0.07051282051282051,,,
,0.08424908424908426,,,
,0.08119658119658119,,,
,0.07081807081807082,,,
,0.05357142857142857,,,
,0.05402930402930403,,,
,0.032814407814407816,,,
,0.05631868131868132,,,
,0.09737484737484738,,,
,0.11294261294261294,,,
,0.0853174603174603,,,
,0.12515262515262515,,,
,0.10576923076923077,,,
,0.14362026862026864,,,
,0.10119047619047619,,,
,0.07982295482295482,,,
,0.020451770451770452,,,
,0.05097680097680098,,,
,0.03876678876678876,,,
,0.010378510378510378,,,
,0.007326007326007326,,,
,0.0,,,
,0.0,,,
,0.0,,,
,0.0,,,
,0.0,,,
,0.01617826617826618,,,
,0.0876068376068376,,,
,0.09371184371184371,,,
,0.06288156288156288,,,
,0.05326617826617827,,,
,0.0699023199023199,,,
,0.0025946275946275945,,,
,0.0,,,
,0.0,,,
,0.030677655677655676,,,
,0.04410866910866911,,,
,0.02976190476190476,,,
,0.002136752136752137,,,
,0.0,,,
,0.0,,,
,0.023046398046398044,,,
,0.017094017094017096,,,
,0.0,,,
,0.0,,,
,0.0,,,
,0.0,,,
,0.0,,,
,0.0,,,
,0.0,,,
,0.0,,,
,0.0,,,
,0.0,,,
,0.0,,,
,0.0,,,
,0.0,,,
,0.0,,,
,0.0,,,
,0.0,,,
,0.0,,,
,0.0,,,
,0.0,,,
,0.0,,,
,0.0,,,
,0.0,,,
,0.0,,,
,0.0,,,
,0.0,,,
,0.0,,,
,0.0,,,
,0.0,,,
,0.0,,,
,0.0,,,
,0.0,,,
,0.0,,,
,0.03083028083028083,,,
,0.015415140415140414,,,
,0.0,,,
,0.0,,,
,0.0,,,
,0.0,,,
,0.0,,,
,0.0,,,
,0.0,,,
,0.0,,,
,0.009004884004884006,,,
,0.023046398046398044,,,
,0.07631257631257632,,,
,0.09645909645909646,,,
,0.07432844932844933,,,
,0.0431929181929182,,,
,0.003815628815628816,,,
,0.0,,,
,0.010683760683760684,,,
,0.022741147741147744,,,
,0.0030525030525030525,,,
,0.03983516483516483,,,
,0.07310744810744811,,,
,0.047771672771672775,,,
,0.05860805860805861,,,
,0.07493894993894994,,,
,0.07310744810744811,,,
,0.07722832722832723,,,
,0.12118437118437118,,,
,0.1704822954822955,,,
,0.1427045177045177,,,
,0.08806471306471306,,,
,0.03601953601953602,,,
,0.0525030525030525,,,
,0.06974969474969475,,,
,0.050824175824175824,,,
,0.11843711843711845,,,
,0.08379120879120878,,,
,0.06456043956043957,,,
,0.07524420024420024,,,
,0.08195970695970696,,,
,0.14652014652014653,,,
,0.06974969474969475,,,
,0.022741147741147744,,,
,0.06547619047619048,,,
,0.10256410256410256,,,
,0.14667277167277168,,,
,0.10592185592185592,,,
,0.11477411477411478,,,
,0.14545177045177046,,,
,0.1311050061050061,,,
,0.15003052503052502,,,
,0.10134310134310134,,,
,0.03205128205128205,,,
,0.0,,,
,0.0,,,
,0.0,,,
,0.0,,,
,0.0,,,
,0.0,,,
,0.0,,,
,0.0,,,
,0.0,,,
,0.0,,,
,0.0,,,
,0.0,,,
,0.0,,,
,0.0,,,
,0.0,,,
,0.0,,,
,0.0,,,
,0.001221001221001221,,,
,0.019688644688644688,,,
,0.003357753357753358,,,
,0.0,,,
,0.0,,,
,0.0,,,
,0.0,,,
,0.001678876678876679,,,
,0.003815628815628816,,,
,0.0,,,
,0.0,,,
,0.029304029304029304,,,
,0.06822344322344322,,,
,0.0025946275946275945,,,
,0.0,,,
,0.0,,,
,0.0,,,
,0.0,,,
,0.0,,,
,0.0,,,
,0.0,,,
,0.0,,,
,0.0,,,
,0.0,,,
,0.0,,,
,0.015415140415140414,,,
,0.03983516483516483,,,
,0.03663003663003663,,,
,0.06639194139194139,,,
,0.055860805860805864,,,
,0.05631868131868132,,,
,0.05128205128205128,,,
,0.01800976800976801,,,
,0.0,,,
,0.0,,,
,0.0,,,
,0.0,,,
,0.0,,,
,0.0,,,
,0.008241758241758242,,,
,0.04410866910866911,,,
,0.07280219780219781,,,
,0.06837606837606838,,,
,0.08028083028083027,,,
,0.04945054945054945,,,
,0.010683760683760684,,,
,0.043650793650793655,,,
,0.06746031746031746,,,
,0.05128205128205128,,,
,0.0525030525030525,,,
,0.06623931623931624,,,
,0.09050671550671552,,,
,0.08592796092796093,,,
,0.050824175824175824,,,
,0.00808913308913309,,,
,0.0,,,
,0.0,,,
,0.0,,,
,0.0,,,
,0.0,,,
,0.0,,,
,0.0,,,
,0.0,,,
,0.0,,,
,0.024114774114774116,,,
,0.06456043956043957,,,
,0.057692307692307696,,,
,0.010683760683760684,,,
,0.002136752136752137,,,
,0.0,,,
,0.0,,,
,0.0,,,
,0.003357753357753358,,,
,0.05433455433455433,,,
,0.06776556776556776,,,
,0.08287545787545787,,,
,0.106990231990232,,,
,0.042582417582417584,,,
,0.0,,,
,0.0,,,
,0.0,,,
,0.0,,,
,0.0,,,
,0.0,,,
,0.0,,,
,0.0,,,
,0.0,,,
,0.0,,,
,0.0,,,
,0.0,,,
,0.0,,,
,0.0,,,
,0.0,,,
,0.0,,,
,0.0,,,
,0.0,,,
,0.01282051282051282,,,
,0.06532356532356533,,,
,0.08195970695970696,,,
,0.12072649572649573,,,
,0.09203296703296704,,,
,0.1333943833943834,,,
,0.10973748473748474,,,
,0.10744810744810745,,,
,0.05357142857142857,,,
,0.0,,,
,0.003815628815628816,,,
,0.0,,,
,0.0,,,
,0.0,,,
,0.0,,,
,0.01800976800976801,,,
,0.007631257631257632,,,
,0.003357753357753358,,,
,0.0,,,
,0.0,,,
,0.0,,,
,0.0,,,
,0.09478021978021978,,,
,0.17811355311355312,,,
,0.36187423687423687,,,
,0.5094627594627595,,,
,0.8141025641025641,,,
,0.8359279609279608,,,
,0.7448107448107447,,,
,0.7200854700854701,,,
,0.6636141636141637,,,
,0.3221916971916972,,,
,0.03632478632478632,,,
,0.0,,,
,0.0,,,
,0.04288766788766789,,,
,0.03540903540903541,,,
,0.12423687423687423,,,
,0.0231990231990232,,,
,0.0009157509157509158,,,
,0.07020757020757021,,,
,0.07692307692307693,,,
,0.00931013431013431,,,
,0.0004578754578754579,,,
,0.0,,,
,0.0,,,
,0.030372405372405372,,,
,0.06059218559218559,,,
,0.03968253968253968,,,
,0.04532967032967033,,,
,0.08028083028083027,,,
,0.08287545787545787,,,
,0.1275946275946276,,,
,0.09432234432234432,,,
,0.02396214896214896,,,
,0.0030525030525030525,,,
,0.0,,,
,0.0,,,
,0.0,,,
,0.0,,,
,0.0,,,
,0.0,,,
,0.0,,,
,0.007326007326007326,,,
,0.0,,,
,0.01617826617826618,,,
,0.0,,,
,0.0,,,
,0.0,,,
,0.0,,,
,0.0,,,
,0.0,,,
,0.0,,,
,0.0,,,
,0.04792429792429792,,,
,0.005952380952380952,,,
,0.037545787545787544,,,
,0.15170940170940173,,,
,0.09355921855921856,,,
,0.05280830280830281,,,
,0.013278388278388278,,,
,0.0,,,
,0.0,,,
,0.0,,,
,0.0,,,
,0.0,,,
,0.0,,,
,0.0,,,
,0.0,,,
,0.0,,,
,0.0,,,
,0.0,,,
,0.0,,,
,0.0,,,
,0.0,,,
,0.0,,,
,0.0,,,
,0.0,,,
,0.0,,,
,0.0,,,
,0.0,,,
,0.0,,,
,0.0,,,
,0.08898046398046397,,,
,0.31364468864468864,,,
,0.053418803418803416,,,
,0.0,,,
,0.0,,,
,0.0,,,
,0.0,,,
,0.0,,,
,0.0,,,
,0.0,,,
,0.0,,,
,0.0,,,
,0.004120879120879121,,,
,0.04212454212454213,,,
,0.0924908424908425,,,
,0.11324786324786325,,,
,0.1275946275946276,,,
,0.10683760683760683,,,
,0.09416971916971918,,,
,0.06746031746031746,,,
,0.11523199023199024,,,
,0.14102564102564102,,,
,0.09859584859584859,,,
,0.0550976800976801,,,
,0.0004578754578754579,,,
,0.0,,,
,0.0,,,
,0.02548840048840049,,,
,0.01816239316239316,,,
,0.0,,,
,0.0,,,
,0.0,,,
,0.0,,,
,0.0,,,
,0.0,,,
,0.0,,,
,0.0,,,
,0.0,,,
,0.0,,,
,0.0,,,
,0.0009157509157509158,,,
,0.008547008547008548,,,
,0.04181929181929182,,,
,0.07722832722832723,,,
,0.09691697191697192,,,
,0.1375152625152625,,,
,0.09935897435897435,,,
,0.24862637362637363,,,
,0.18894993894993894,,,
,0.0,,,
,0.0,,,
,0.0,,,
,0.0,,,
,0.0,,,
,0.004731379731379731,,,
,0.015415140415140414,,,
,0.043498168498168496,,,
,0.05555555555555556,,,
,0.047771672771672775,,,
,0.0,,,
,0.021367521367521368,,,
,0.003357753357753358,,,
,0.0,,,
,0.0,,,
,0.0,,,
,0.007326007326007326,,,
,0.06456043956043957,,,
,0.1343101343101343,,,
,0.25473137973137977,,,
,0.409035409035409,,,
,0.19795482295482297,,,
,0.2567155067155067,,,
,0.003815628815628816,,,
,0.0,,,
,0.0,,,
,0.0,,,
,0.0,,,
,0.0,,,
,0.0,,,
,0.0,,,
,0.0,,,
,0.0,,,
,0.0,,,
,0.0,,,
,0.0,,,
,0.0,,,
,0.0,,,
,0.030677655677655676,,,
,0.0525030525030525,,,
,0.056929181929181935,,,
,0.16758241758241757,,,
,0.284035409035409,,,
,0.31135531135531136,,,
,0.4725274725274725,,,
,0.40476190476190477,,,
,0.26663614163614163,,,
,0.14056776556776557,,,
,0.1188949938949939,,,
,0.08974358974358974,,,
,0.02152014652014652,,,
,0.0,,,
,0.0,,,
,0.05296092796092796,,,
,0.007173382173382174,,,
,0.003815628815628816,,,
,0.0,,,
,0.0,,,
,0.0,,,
,0.0,,,
,0.0,,,
,0.0,,,
,0.0,,,
,0.0,,,
,0.0,,,
,0.007173382173382174,,,
,0.024725274725274724,,,
,0.0,,,
,0.0,,,
,0.0,,,
,0.0,,,
,0.006868131868131868,,,
,0.003357753357753358,,,
,0.0,,,
,0.0,,,
,0.0,,,
,0.0,,,
,0.0,,,
,0.0,,,
,0.0,,,
,0.0,,,
,0.0,,,
,0.0,,,
,0.001678876678876679,,,
,0.022893772893772892,,,
,0.05525030525030525,,,
,0.07814407814407814,,,
,0.10866910866910866,,,
,0.07768620268620269,,,
,0.054945054945054944,,,
,0.10851648351648352,,,
,0.1562881562881563,,,
,0.12713675213675213,,,
,0.221001221001221,,,
,0.25137362637362637,,,
,0.15415140415140413,,,
,0.04532967032967033,,,
,0.0,,,
,0.0,,,
,0.015873015873015872,,,
,0.0612026862026862,,,
,0.04899267399267399,,,
,0.05036630036630037,,,
,0.025946275946275948,,,
,0.00992063492063492,,,
,0.0,,,
,0.0,,,
,0.0,,,
,0.0,,,
,0.0,,,
,0.0,,,
,0.0,,,
,0.012973137973137974,,,
,0.08455433455433456,,,
,0.14621489621489622,,,
,0.42612942612942617,,,
,0.6558302808302808,,,
,0.788003663003663,,,
,0.8348595848595849,,,
,0.7934981684981685,,,
,0.07005494505494506,,,
,0.0009157509157509158,,,
,0.0,,,
,0.007173382173382174,,,
,0.03235653235653236,,,
,0.050061050061050064,,,
,0.00030525030525030525,,,
,0.0,,,
,0.011904761904761904,,,
,0.0,,,
,0.0,,,
,0.05463980463980464,,,
,0.21275946275946275,,,
,0.33882783882783885,,,
,0.3731684981684982,,,
,0.608058608058608,,,
,0.6768925518925519,,,
,0.8217338217338217,,,
,0.6747557997557997,,,
,0.30265567765567764,,,
,0.21474358974358973,,,
,0.1530830280830281,,,
,0.23290598290598288,,,
,0.14316239316239318,,,
,0.17460317460317462,,,
,0.1282051282051282,,,
,0.09752747252747253,,,
,0.1684981684981685,,,
,0.028693528693528696,,,
,0.003815628815628816,,,
,0.05311355311355311,,,
,0.10683760683760683,,,
,0.1475885225885226,,,
,0.13415750915750915,,,
,0.09661172161172162,,,
,0.0,,,
,0.0,,,
,0.0,,,
,0.0,,,
,0.0,,,
,0.0,,,
,0.0,,,
,0.0,,,
,0.013278388278388278,,,
,0.009768009768009768,,,
,0.013125763125763124,,,
,0.03983516483516483,,,
,0.053418803418803416,,,
,0.06059218559218559,,,
,0.043650793650793655,,,
,0.0,,,
,0.0,,,
,0.0,,,
,0.0,,,
,0.0,,,
,0.0,,,
,0.0,,,
,0.0,,,
,0.0,,,
,0.0,,,
,0.0,,,
,0.0,,,
,0.0,,,
,0.0,,,
,0.0,,,
,0.029151404151404152,,,
,0.06135531135531135,,,
,0.07097069597069597,,,
,0.035103785103785104,,,
,0.046703296703296704,,,
,0.02731990231990232,,,
,0.0,,,
,0.0,,,
,0.0,,,
,0.0,,,
,0.0,,,
,0.0,,,
,0.02152014652014652,,,
,0.0,,,
,0.11416361416361416,,,
,0.10851648351648352,,,
,0.002442002442002442,,,
,0.0025946275946275945,,,
,0.0,,,
,0.0,,,
,0.0,,,
,0.001221001221001221,,,
,0.016330891330891332,,,
,0.07661782661782661,,,
,0.05647130647130647,,,
,0.027930402930402932,,,
,0.03205128205128205,,,
,0.0,,,
,0.0,,,
,0.0,,,
,0.0,,,
,0.0,,,
,0.0,,,
,0.0,,,
,0.0,,,
,0.0,,,
,0.0,,,
,0.0,,,
,0.0,,,
,0.0,,,
,0.0,,,
,0.0,,,
,0.0,,,
,0.0,,,
,0.008547008547008548,,,
,0.04914529914529915,,,
,0.0,,,
,0.007326007326007326,,,
,0.6448412698412699,,,
,0.9009462759462759,,,
,0.934981684981685,,,
,0.9123931623931624,,,
,0.9426129426129426,,,
,0.896978021978022,,,
,0.8763736263736264,,,
,0.8394383394383395,,,
,0.7585470085470085,,,
,0.4375763125763126,,,
,0.16742979242979242,,,
,0.03128815628815629,,,
,0.01282051282051282,,,
,0.0,,,
,0.0013736263736263737,,,
,0.02365689865689866,,,
,0.0,,,
,0.0,,,
,0.006868131868131868,,,
,0.0009157509157509158,,,
,0.0,,,
,0.0,,,
,0.0,,,
,0.0,,,
,0.0,,,
,0.0,,,
,0.0,,,
,0.0,,,
,0.0,,,
,0.0,,,
,0.0,,,
,0.035866910866910864,,,
,0.03983516483516483,,,
,0.009462759462759462,,,
,0.0,,,
,0.0,,,
,0.0,,,
,0.016330891330891332,,,
,0.06150793650793651,,,
,0.1894078144078144,,,
,0.18208180708180707,,,
,0.058455433455433456,,,
,0.018315018315018316,,,
,0.0,,,
,0.0,,,
,0.0,,,
,0.0,,,
,0.0,,,
,0.0,,,
,0.0,,,
,0.005952380952380952,,,
,0.0,,,
,0.0,,,
,0.029151404151404152,,,
,0.026404151404151404,,,
,0.042429792429792425,,,
,0.003815628815628816,,,
,0.0,,,
,0.00641025641025641,,,
,0.0013736263736263737,,,
,0.0,,,
,0.0,,,
,0.0,,,
,0.0,,,
,0.0,,,
,0.0,,,
,0.0,,,
,0.0,,,
,0.0,,,
,0.0,,,
,0.0,,,
,0.08669108669108669,,,
,0.3315018315018315,,,
,0.11416361416361416,,,
,0.14560439560439561,,,
,0.18620268620268618,,,
,0.1137057387057387,,,
,0.00992063492063492,,,
,0.0,,,
,0.0,,,
,0.07295482295482296,,,
,0.211996336996337,,,
,0.31532356532356537,,,
,0.43803418803418803,,,
,0.6607142857142857,,,
,0.8154761904761905,,,
,0.8551587301587301,,,
,0.7780830280830281,,,
,0.7445054945054945,,,
,0.6829975579975579,,,
,0.518009768009768,,,
,0.8096764346764347,,,
,0.7472527472527473,,,
,0.4684065934065934,,,
,0.6417887667887667,,,
,0.8487484737484737,,,
,0.8704212454212454,,,
,0.7968559218559219,,,
,0.5636446886446886,,,
,0.7680097680097681,,,
,0.6056166056166056,,,
,0.7846459096459096,,,
,0.7362637362637363,,,
,0.3798840048840049,,,
,0.6628510378510378,,,
,0.6196581196581197,,,
,0.48366910866910867,,,
,0.6854395604395604,,,
,0.44459706959706957,,,
,0.36034798534798534,,,
,0.2715201465201465,,,
,0.13171550671550672,,,
,0.003815628815628816,,,
,0.007783882783882784,,,
,0.0,,,
,0.0,,,
,0.0,,,
,0.013583638583638582,,,
,0.11446886446886446,,,
,0.17811355311355312,,,
,0.2960927960927961,,,
,0.34706959706959706,,,
,0.2834249084249084,,,
,0.1742979242979243,,,
,0.13003663003663005,,,
,0.318986568986569,,,
,0.6153846153846154,,,
,0.41025641025641024,,,
,0.055708180708180705,,,
,0.07234432234432235,,,
,0.11523199023199024,,,
,0.06059218559218559,,,
,0.038003663003663,,,
,0.023809523809523808,,,
,0.007631257631257632,,,
,0.024267399267399268,,,
,0.0013736263736263737,,,
,0.0,,,
,0.0,,,
,0.0,,,
,0.0,,,
,0.0,,,
,0.0,,,
,0.0,,,
,0.0,,,
,0.0,,,
,0.0,,,
,0.0,,,
,0.0115995115995116,,,
,0.06288156288156288,,,
,0.05204517704517704,,,
,0.009462759462759462,,,
,0.0,,,
,0.0,,,
,0.0,,,
,0.0,,,
,0.0,,,
,0.0,,,
,0.0,,,
,0.0,,,
,0.0,,,
,0.0,,,
,0.0,,,
,0.0,,,
,0.0,,,
,0.0,,,
,0.0,,,
,0.0,,,
,0.0,,,
,0.0,,,
,0.0,,,
,0.0,,,
,0.0,,,
,0.0,,,
,0.0,,,
,0.0,,,
,0.0,,,
,0.0,,,
,0.0,,,
,0.0,,,
,0.0,,,
,0.0,,,
,0.0006105006105006105,,,
,0.0,,,
,0.0,,,
,0.0,,,
,0.0,,,
,0.0,,,
,0.00808913308913309,,,
,0.05555555555555556,,,
,0.06883394383394384,,,
,0.11584249084249085,,,
,0.16254578754578755,,,
,0.22283272283272282,,,
,0.2403846153846154,,,
,0.21764346764346765,,,
,0.21855921855921856,,,
,0.2654151404151404,,,
,0.2867826617826618,,,
,0.2512210012210012,,,
,0.2454212454212454,,,
,0.27380952380952384,,,
,0.27533577533577536,,,
,0.2013125763125763,,,
,0.18818681318681318,,,
,0.2748778998778999,,,
,0.1530830280830281,,,
,0.1697191697191697,,,
,0.1935286935286935,,,
,0.13278388278388278,,,
,0.10897435897435898,,,
,0.08119658119658119,,,
,0.11660561660561661,,,
,0.11935286935286936,,,
,0.1134004884004884,,,
,0.076007326007326,,,
,0.13003663003663005,,,
,0.20894383394383395,,,
,0.3252442002442002,,,
,0.5230463980463981,,,
,0.5862332112332113,,,
,0.6040903540903542,,,
,0.556929181929182,,,
,0.40583028083028083,,,
,0.35241147741147744,,,
,0.31532356532356537,,,
,0.4097985347985348,,,
,0.4516178266178266,,,
,0.6649877899877901,,,
,0.7466422466422465,,,
,0.5943223443223443,,,
,0.8055555555555556,,,
,0.7287851037851037,,,
,0.6915445665445666,,,
,0.6233211233211233,,,
,0.7753357753357754,,,
,0.9427655677655677,,,
,0.9488705738705739,,,
,0.9532967032967034,,,
,0.9532967032967034,,,
,0.9374236874236874,,,
,0.8617216117216118,,,
,0.8228021978021978,,,
,0.924908424908425,,,
,0.9075091575091575,,,
,0.9537545787545788,,,
,0.9473443223443223,,,
,0.929945054945055,,,
,0.9401709401709402,,,
,0.9398656898656899,,,
,0.9256715506715506,,,
,0.7486263736263736,,,
,0.39087301587301587,,,
,0.15964590964590963,,,
,0.016330891330891332,,,
,0.0,,,
,0.013278388278388278,,,
,0.06623931623931624,,,
,0.11217948717948718,,,
,0.08241758241758242,,,
,0.07387057387057387,,,
,0.16788766788766787,,,
,0.19062881562881565,,,
,0.21336996336996336,,,
,0.33501221001221004,,,
,0.1704822954822955,,,
,0.05784493284493285,,,
,0.0,,,
,0.009462759462759462,,,
,0.0231990231990232,,,
,0.020451770451770452,,,
,0.0,,,
,0.07554945054945054,,,
,0.13553113553113552,,,
,0.05784493284493285,,,
,0.18208180708180707,,,
,0.41208791208791207,,,
,0.7730463980463981,,,
,0.5923382173382173,,,
,0.22924297924297923,,,
,0.11111111111111112,,,
,0.07158119658119659,,,
,0.12622100122100122,,,
,0.07448107448107448,,,
,0.09768009768009768,,,
,0.06288156288156288,,,
,0.04792429792429792,,,
,0.08745421245421245,,,
,0.15293040293040294,,,
,0.02442002442002442,,,
,0.0,,,
,0.0,,,
,0.0,,,
,0.0,,,
,0.03205128205128205,,,
,0.26053113553113555,,,
,0.033424908424908424,,,
,0.07264957264957264,,,
,0.013278388278388278,,,
,0.0,,,
,0.0022893772893772895,,,
,0.01282051282051282,,,
,0.0115995115995116,,,
,0.0,,,
,0.018772893772893772,,,
,0.0,,,
,0.0,,,
,0.0,,,
,0.0,,,
,0.0,,,
,0.016636141636141636,,,
,0.18116605616605616,,,
,0.09157509157509157,,,
,0.05784493284493285,,,
,0.020146520146520148,,,
,0.0,,,
,0.0,,,
,0.0,,,
,0.052655677655677656,,,
,0.8473748473748474,,,
,0.9542124542124543,,,
,0.9537545787545788,,,
,0.9296398046398047,,,
,0.9523809523809523,,,
,0.9175824175824175,,,
,0.9468864468864469,,,
,0.9537545787545788,,,
,0.9137667887667887,,,
,0.3157814407814408,,,
,0.007783882783882784,,,
,0.0,,,
,0.0,,,
,0.0,,,
,0.0,,,
,0.0,,,
,0.13263125763125763,,,
,0.0,,,
,0.0,,,
,0.0,,,
,0.0,,,
,0.0,,,
,0.0,,,
,0.0,,,
,0.0,,,
,0.0,,,
,0.0,,,
,0.0,,,
,0.0,,,
,0.0,,,
,0.0,,,
,0.0,,,
,0.0,,,
,0.0,,,
,0.0,,,
,0.0,,,
,0.0,,,
,0.0,,,
,0.0,,,
,0.0,,,
,0.0,,,
,0.0,,,
,0.0,,,
,0.0,,,
,0.0,,,
,0.0,,,
,0.0,,,
,0.0,,,
,0.0,,,
,0.0,,,
,0.0,,,
,0.0,,,
,0.2948717948717949,,,
,0.9328449328449329,,,
,0.956959706959707,,,
,0.9560439560439561,,,
,0.9560439560439561,,,
,0.9560439560439561,,,
,0.9557387057387058,,,
,0.9468864468864469,,,
,0.8237179487179487,,,
,0.929945054945055,,,
,0.9560439560439561,,,
,0.9560439560439561,,,
,0.9560439560439561,,,
,0.9560439560439561,,,
,0.9560439560439561,,,
,0.9560439560439561,,,
,0.9560439560439561,,,
,0.9557387057387058,,,
,0.934981684981685,,,
,0.9352869352869353,,,
,0.9520757020757021,,,
,0.9247557997557997,,,
,0.9055250305250305,,,
,0.8791208791208791,,,
,0.8687423687423688,,,
,0.8063186813186813,,,
,0.6814713064713065,,,
,0.7457264957264956,,,
,0.6935286935286935,,,
,0.6582722832722833,,,
,0.5525030525030525,,,
,0.48504273504273504,,,
,0.33195970695970695,,,
,0.31364468864468864,,,
,0.36416361416361415,,,
,0.2812881562881563,,,
,0.34233821733821734,,,
,0.45375457875457875,,,
,0.46489621489621485,,,
,0.3963675213675214,,,
,0.4513125763125763,,,
,0.4375763125763126,,,
,0.4021672771672771,,,
,0.34691697191697196,,,
,0.2818986568986569,,,
,0.12774725274725274,,,
,0.05448717948717949,,,
,0.002136752136752137,,,
,0.0,,,
,0.0,,,
,0.0,,,
,0.0,,,
,0.013278388278388278,,,
,0.008547008547008548,,,
,0.013278388278388278,,,
,0.005189255189255189,,,
,0.00992063492063492,,,
,0.0,,,
,0.0,,,
,0.0,,,
,0.0,,,
,0.0,,,
,0.0,,,
,0.050824175824175824,,,
,0.12713675213675213,,,
,0.07692307692307693,,,
,0.09371184371184371,,,
,0.09859584859584859,,,
,0.08898046398046397,,,
,0.014194139194139194,,,
,0.0,,,
,0.0,,,
,0.0,,,
,0.0,,,
,0.0,,,
,0.0,,,
,0.0,,,
,0.0,,,
,0.0,,,
,0.0,,,
,0.0,,,
,0.0,,,
,0.0,,,
,0.0,,,
,0.015415140415140414,,,
,0.16071428571428573,,,
,0.5375457875457875,,,
,0.713980463980464,,,
,0.7684676434676435,,,
,0.7113858363858363,,,
,0.7426739926739927,,,
,0.788003663003663,,,
,0.8044871794871795,,,
,0.797008547008547,,,
,0.791056166056166,,,
,0.7695360195360195,,,
,0.6575091575091575,,,
,0.6652930402930403,,,
,0.63003663003663,,,
,0.649114774114774,,,
,0.7773199023199022,,,
,0.7744200244200244,,,
,0.7825091575091575,,,
,0.7528998778998779,,,
,0.646978021978022,,,
,0.7060439560439561,,,
,0.7996031746031746,,,
,0.8272283272283272,,,
,0.829059829059829,,,
,0.8305860805860806,,,
,0.8305860805860806,,,
,0.6921550671550671,,,
,0.0,,,
,0.5537240537240538,,,
,0.8241758241758241,,,
,0.8241758241758241,,,
,0.8241758241758241,,,
,0.8241758241758241,,,
,0.8241758241758241,,,
,0.8241758241758241,,,
,0.8241758241758241,,,
,0.8241758241758241,,,
,0.8241758241758241,,,
,0.8241758241758241,,,
,0.8241758241758241,,,
,0.8241758241758241,,,
,0.8241758241758241,,,
,0.8241758241758241,,,
,0.8241758241758241,,,
,0.8241758241758241,,,
,0.8241758241758241,,,
,0.8253968253968254,,,
,0.8272283272283272,,,
,0.8278388278388278,,,
,0.8296703296703297,,,
,0.8284493284493285,,,
,0.8296703296703297,,,
,0.8278388278388278,,,
,0.8255494505494505,,,
,0.8141025641025641,,,
,0.8263125763125763,,,
,0.8282967032967034,,,
,0.8261599511599512,,,
,0.8220390720390721,,,
,0.8214285714285714,,,
,0.8272283272283272,,,
,0.8258547008547008,,,
,0.826007326007326,,,
,0.8278388278388278,,,
,0.8278388278388278,,,
,0.8281440781440781,,,
,0.8255494505494505,,,
,0.8270757020757021,,,
,0.8125763125763126,,,
,0.8253968253968254,,,
,0.8144078144078144,,,
,0.7843406593406593,,,
,0.7919719169719169,,,
,0.7554945054945055,,,
,0.8258547008547008,,,
,0.8305860805860806,,,
,0.8305860805860806,,,
,0.8298229548229549,,,
,0.824023199023199,,,
,0.7985347985347986,,,
,0.7773199023199022,,,
,0.7345848595848596,,,
,0.7356532356532356,,,
,0.788003663003663,,,
,0.8031135531135531,,,
,0.7832722832722833,,,
,0.7687728937728938,,,
,0.746947496947497,,,
,0.6733821733821733,,,
,0.6804029304029304,,,
,0.6341575091575091,,,
,0.6355311355311355,,,
,0.6103479853479854,,,
,0.6593406593406593,,,
,0.7019230769230769,,,
,0.7605311355311355,,,
,0.7738095238095238,,,
,0.7747252747252747,,,
,0.7747252747252747,,,
,0.7573260073260073,,,
,0.7747252747252747,,,
,0.7747252747252747,,,
,0.7747252747252747,,,
,0.7728937728937729,,,
,0.7608363858363858,,,
,0.7264957264957265,,,
,0.6858974358974359,,,
,0.6543040293040293,,,
,0.5465506715506716,,,
,0.4684065934065934,,,
,0.4851953601953602,,,
,0.447039072039072,,,
,0.3811050061050061,,,
,0.26282051282051283,,,
,0.2174908424908425,,,
,0.22313797313797315,,,
,0.262973137973138,,,
,0.3244810744810745,,,
,0.3545482295482295,,,
,0.4795482295482295,,,
,0.5393772893772893,,,
,0.5692918192918193,,,
,0.5613553113553114,,,
,0.6179792429792429,,,
,0.6465201465201466,,,
,0.655982905982906,,,
,0.6662087912087912,,,
,0.6633089133089133,,,
,0.6098901098901099,,,
,0.5732600732600732,,,
,0.5003052503052503,,,
,0.378968253968254,,,
,0.1903235653235653,,,
,0.13583638583638585,,,
,0.11202686202686203,,,
,0.12148962148962149,,,
,0.09737484737484738,,,
,0.04838217338217338,,,
,0.051739926739926737,,,
,0.028846153846153848,,,
,0.0,,,
,0.0231990231990232,,,
,0.05097680097680098,,,
,0.04075091575091575,,,
,0.06272893772893773,,,
,0.11324786324786325,,,
,0.2174908424908425,,,
,0.30448717948717946,,,
,0.24145299145299146,,,
,0.1987179487179487,,,
,0.1388888888888889,,,
,0.04288766788766789,,,
,0.0,,,
,0.0,,,
,0.0,,,
,0.0,,,
,0.0,,,
,0.0,,,
,0.0,,,
,0.0,,,
,0.0,,,
,0.0,,,
,0.0,,,
,0.0,,,
,0.0,,,
,0.0,,,
,0.0,,,
,0.012362637362637362,,,
,0.058302808302808304,,,
,0.10241147741147742,,,
,0.2007020757020757,,,
,0.23046398046398048,,,
,0.2432844932844933,,,
,0.21978021978021978,,,
,0.1707875457875458,,,
,0.08165445665445666,,,
,0.038461538461538464,,,
,0.003815628815628816,,,
,0.0,,,
,0.0,,,
,0.0,,,
,0.0009157509157509158,,,
,0.056776556776556776,,,
,0.06196581196581197,,,
,0.04960317460317461,,,
,0.037545787545787544,,,
,0.0025946275946275945,,,
,0.0,,,
,0.0,,,
,0.0,,,
,0.0,,,
,0.025946275946275948,,,
,0.054945054945054944,,,
,0.07814407814407814,,,
,0.14529914529914528,,,
,0.29853479853479853,,,
,0.36248473748473753,,,
,0.3884310134310134,,,
,0.38644688644688646,,,
,0.29059829059829057,,,
,0.15979853479853479,,,
,0.014957264957264956,,,
,0.0,,,
,0.0,,,
,0.0,,,
,0.0,,,
,0.0,,,
,0.0,,,
,0.026862026862026864,,,
,0.027014652014652016,,,
,0.09004884004884005,,,
,0.08455433455433456,,,
,0.015873015873015872,,,
,0.009768009768009768,,,
,0.17475579975579975,,,
,0.4152930402930403,,,
,0.5876068376068376,,,
,0.6771978021978022,,,
,0.7996031746031746,,,
,0.8215811965811967,,,
,0.8255494505494505,,,
,0.8199023199023199,,,
,0.7994505494505495,,,
,0.6747557997557997,,,
,0.6881868131868132,,,
,0.6662087912087912,,,
,0.5558608058608059,,,
,0.4004884004884005,,,
,0.3212759462759463,,,
,0.2565628815628816,,,
,0.06364468864468864,,,
,0.037545787545787544,,,
,0.019230769230769232,,,
,0.0,,,
,0.0,,,
,0.0,,,
,0.0,,,
,0.0,,,
,0.0,,,
,0.0,,,
,0.007326007326007326,,,
,0.026556776556776556,,,
,0.17765567765567766,,,
,0.3719474969474969,,,
,0.3637057387057387,,,
,0.4572649572649573,,,
,0.34905372405372403,,,
,0.2844932844932845,,,
,0.221001221001221,,,
,0.14621489621489622,,,
,0.07173382173382173,,,
,0.0115995115995116,,,
,0.0,,,
,0.0,,,
,0.0,,,
,0.0,,,
,0.0,,,
,0.0,,,
,0.0,,,
,0.0,,,
,0.0,,,
,0.0,,,
,0.0,,,
,0.005647130647130647,,,
,0.04868742368742369,,,
,0.11172161172161173,,,
,0.1562881562881563,,,
,0.17017704517704516,,,
,0.16697191697191696,,,
,0.16758241758241757,,,
,0.12362637362637363,,,
,0.0863858363858364,,,
,0.0260989010989011,,,
,0.002136752136752137,,,
,0.001221001221001221,,,
,0.08165445665445666,,,
,0.07448107448107448,,,
,0.09432234432234432,,,
,0.09783272283272283,,,
,0.07097069597069597,,,
,0.035866910866910864,,,
,0.06639194139194139,,,
,0.040293040293040296,,,
,0.03403540903540903,,,
,0.07478632478632478,,,
,0.1568986568986569,,,
,0.13934676434676435,,,
,0.12851037851037853,,,
,0.1275946275946276,,,
,0.17109279609279607,,,
,0.416971916971917,,,
,0.5807387057387057,,,
,0.8026556776556777,,,
,0.9111721611721612,,,
,0.9215506715506715,,,
,0.9548229548229549,,,
,0.9528388278388278,,,
,0.953907203907204,,,
,0.9537545787545788,,,
,0.9455128205128205,,,
,0.9551282051282052,,,
,0.9542124542124543,,,
,0.9543650793650794,,,
,0.9549755799755799,,,
,0.9543650793650794,,,
,0.9532967032967034,,,
,0.9304029304029304,,,
,0.9075091575091575,,,
,0.905982905982906,,,
,0.889041514041514,,,
,0.8931623931623931,,,
,0.9003357753357754,,,
,0.9097985347985348,,,
,0.9038461538461539,,,
,0.9032356532356532,,,
,0.9075091575091575,,,
,0.9075091575091575,,,
,0.9075091575091575,,,
,0.9075091575091575,,,
,0.9075091575091575,,,
,0.9075091575091575,,,
,0.8936202686202686,,,
,0.8956043956043956,,,
,0.8482905982905983,,,
,0.8104395604395604,,,
,0.7571733821733821,,,
,0.6514041514041513,,,
,0.5876068376068376,,,
,0.6265262515262515,,,
,0.6555250305250305,,,
,0.6462148962148963,,,
,0.5393772893772893,,,
,0.6758241758241759,,,
,0.8231074481074481,,,
,0.8615689865689865,,,
,0.8377594627594627,,,
,0.8585164835164835,,,
,0.8728632478632479,,,
,0.8751526251526252,,,
,0.7855616605616605,,,
,0.8505799755799756,,,
,0.8171550671550671,,,
,0.8746947496947497,,,
,0.8528693528693528,,,
,0.7670940170940171,,,
,0.48931623931623935,,,
,0.19093406593406592,,,
,0.11217948717948718,,,
,0.06562881562881563,,,
,0.00931013431013431,,,
,0.005494505494505495,,,
,0.08287545787545787,,,
,0.14957264957264957,,,
,0.1749084249084249,,,
,0.22573260073260074,,,
,0.269993894993895,,,
,0.24175824175824176,,,
,0.38904151404151405,,,
,0.7905982905982906,,,
,0.8629426129426129,,,
,0.8836996336996337,,,
,0.905982905982906,,,
,0.9102564102564102,,,
,0.9102564102564102,,,
,0.9102564102564102,,,
,0.9102564102564102,,,
,0.9102564102564102,,,
,0.9102564102564102,,,
,0.9102564102564102,,,
,0.8513431013431014,,,
,0.43070818070818073,,,
,0.33409645909645913,,,
,0.046703296703296704,,,
,0.0,,,
,0.0,,,
,0.0,,,
,0.0,,,
,0.0,,,
,0.0,,,
,0.0,,,
,0.0,,,
,0.0,,,
,0.0,,,
,0.0,,,
,0.0,,,
,0.0,,,
,0.0,,,
,0.0,,,
,0.0,,,
,0.0,,,
,0.0,,,
,0.0,,,
,0.0,,,
,0.0,,,
,0.0,,,
,0.0,,,
,0.0,,,
,0.0,,,
,0.0,,,
,0.0,,,
,0.0,,,
,0.0,,,
,0.0,,,
,0.0,,,
,0.0,,,
,0.0,,,
,0.0,,,
,0.0,,,
,0.0,,,
,0.0,,,
,0.0,,,
,0.0,,,
,0.0,,,
,0.0,,,
,0.0,,,
,0.0,,,
,0.0,,,
,0.0,,,
,0.0,,,
,0.0010683760683760685,,,
,0.0,,,
,0.0,,,
,0.0,,,
,0.0,,,
,0.14453601953601955,,,
,0.41712454212454214,,,
,0.7011599511599512,,,
,0.7762515262515263,,,
,0.7750305250305249,,,
,0.7759462759462759,,,
,0.7750305250305249,,,
,0.7753357753357754,,,
,0.7753357753357754,,,
,0.7736568986568986,,,
,0.766941391941392,,,
,0.7747252747252747,,,
,0.7193223443223443,,,
,0.5851648351648352,,,
,0.41330891330891334,,,
,0.3559218559218559,,,
,0.1401098901098901,,,
,0.0,,,
,0.0,,,
,0.0,,,
,0.03021978021978022,,,
,0.0902014652014652,,,
,0.15033577533577536,,,
,0.14697802197802198,,,
,0.03205128205128205,,,
,0.0,,,
,0.0,,,
,0.0,,,
,0.005189255189255189,,,
,0.017704517704517704,,,
,0.08974358974358974,,,
,0.10271672771672771,,,
,0.14056776556776557,,,
,0.18833943833943836,,,
,0.24114774114774112,,,
,0.20512820512820512,,,
,0.1137057387057387,,,
,0.11538461538461539,,,
,0.15735653235653235,,,
,0.09600122100122101,,,
,0.08028083028083027,,,
,0.1585775335775336,,,
,0.12896825396825398,,,
,0.051739926739926737,,,
,0.0,,,
,0.0,,,
,0.0,,,
,0.0,,,
,0.0,,,
,0.0,,,
,0.0,,,
,0.0,,,
,0.0,,,
,0.0,,,
,0.0,,,
,0.0,,,
,0.05433455433455433,,,
,0.27213064713064716,,,
,0.3756105006105006,,,
,0.3850732600732601,,,
,0.5222832722832723,,,
,0.5413614163614163,,,
,0.6533882783882784,,,
,0.6846764346764347,,,
,0.7109279609279608,,,
,0.5648656898656899,,,
,0.6802503052503052,,,
,0.8273809523809523,,,
,0.893925518925519,,,
,0.905982905982906,,,
,0.9097985347985348,,,
,0.8948412698412699,,,
,0.9081196581196581,,,
,0.9076617826617827,,,
,0.9021672771672772,,,
,0.8801892551892553,,,
,0.8721001221001221,,,
,0.8721001221001221,,,
,0.8873626373626373,,,
,0.8675213675213674,,,
,0.8652319902319902,,,
,0.8652319902319902,,,
,0.8644688644688645,,,
,0.8652319902319902,,,
,0.8644688644688645,,,
,0.8504273504273505,,,
,0.8663003663003663,,,
,0.8663003663003663,,,
,0.865995115995116,,,
,0.8644688644688645,,,
,0.8571428571428571,,,
,0.8571428571428571,,,
,0.8644688644688645,,,
,0.8644688644688645,,,
,0.8644688644688645,,,
,0.8621794871794872,,,
,0.8663003663003663,,,
,0.8663003663003663,,,
,0.8663003663003663,,,
,0.8663003663003663,,,
,0.8663003663003663,,,
,0.8663003663003663,,,
,0.8663003663003663,,,
,0.8663003663003663,,,
,0.8663003663003663,,,
,0.8663003663003663,,,
,0.8595848595848596,,,
,0.8663003663003663,,,
,0.8663003663003663,,,
,0.8215811965811967,,,
,0.8304334554334554,,,
,0.8467643467643468,,,
,0.8663003663003663,,,
,0.8663003663003663,,,
,0.8663003663003663,,,
,0.7677045177045176,,,
,0.17857142857142858,,,
,0.3173076923076923,,,
,0.3047924297924298,,,
,0.0,,,
,0.00030525030525030525,,,
,0.04700854700854701,,,
,0.0322039072039072,,,
,0.0006105006105006105,,,
,0.008394383394383394,,,
,0.28266178266178266,,,
,0.008241758241758242,,,
,0.0,,,
,0.16926129426129424,,,
,0.0,,,
,0.0,,,
,0.0,,,
,0.0,,,
,0.0,,,
,0.0,,,
,0.0,,,
,0.0,,,
,0.0,,,
,0.0,,,
,0.0,,,
,0.0,,,
,0.0,,,
,0.0,,,
,0.0,,,
,0.0,,,
,0.0,,,
,0.0,,,
,0.0,,,
,0.0,,,
,0.0,,,
,0.0,,,
,0.0,,,
,0.0,,,
,0.0,,,
,0.0,,,
,0.12637362637362637,,,
,0.351953601953602,,,
,0.817918192918193,,,
,0.8675213675213674,,,
,0.8652319902319902,,,
,0.8652319902319902,,,
,0.8644688644688645,,,
,0.8644688644688645,,,
